iso3,country_name,year,population_total
ALB,Albania,1992,3247039
ALB,Albania,1993,3227287
ALB,Albania,1994,3207536
ALB,Albania,1995,3187784
ALB,Albania,1996,3168033
ALB,Albania,1997,3148281
ALB,Albania,1998,3128530
ALB,Albania,1999,3108778
ALB,Albania,2000,3089027
ALB,Albania,2001,3060173
ALB,Albania,2002,3051010
ALB,Albania,2003,3039616
ALB,Albania,2004,3026939
ALB,Albania,2005,3011487
ALB,Albania,2006,2992547
ALB,Albania,2007,2970017
ALB,Albania,2008,2947314
ALB,Albania,2009,2927519
ALB,Albania,2010,2913021
ALB,Albania,2011,2905195
ALB,Albania,2012,2860708
ALB,Albania,2013,2816902
ALB,Albania,2014,2773767
ALB,Albania,2015,2731293
ALB,Albania,2016,2689469
ALB,Albania,2017,2648285
ALB,Albania,2018,2607733
ALB,Albania,2019,2567801
ALB,Albania,2020,2528480
ALB,Albania,2021,2489762
ALB,Albania,2022,2451636
ALB,Albania,2023,2414095
ALB,Albania,2024,2377128
AND,Andorra,1992,60200
AND,Andorra,1993,63272
AND,Andorra,1994,64612
AND,Andorra,1995,63912
AND,Andorra,1996,63984
AND,Andorra,1997,64700
AND,Andorra,1998,65382
AND,Andorra,1999,65710
AND,Andorra,2000,65685
AND,Andorra,2001,65852
AND,Andorra,2002,66506
AND,Andorra,2003,69486
AND,Andorra,2004,74325
AND,Andorra,2005,77421
AND,Andorra,2006,79585
AND,Andorra,2007,81877
AND,Andorra,2008,83495
AND,Andorra,2009,83888
AND,Andorra,2010,80706
AND,Andorra,2011,77783
AND,Andorra,2012,76834
AND,Andorra,2013,75194
AND,Andorra,2014,73737
AND,Andorra,2015,72174
AND,Andorra,2016,72181
AND,Andorra,2017,73763
AND,Andorra,2018,75162
AND,Andorra,2019,76474
AND,Andorra,2020,77380
AND,Andorra,2021,78364
AND,Andorra,2022,79705
AND,Andorra,2023,80856
AND,Andorra,2024,81938
ARG,Argentina,1992,33693527
ARG,Argentina,1993,34152717
ARG,Argentina,1994,34613491
ARG,Argentina,1995,35070020
ARG,Argentina,1996,35513793
ARG,Argentina,1997,35947791
ARG,Argentina,1998,36372860
ARG,Argentina,1999,36794682
ARG,Argentina,2000,37213984
ARG,Argentina,2001,37624825
ARG,Argentina,2002,38029349
ARG,Argentina,2003,38424282
ARG,Argentina,2004,38815916
ARG,Argentina,2005,39216789
ARG,Argentina,2006,39622115
ARG,Argentina,2007,40016763
ARG,Argentina,2008,40424148
ARG,Argentina,2009,40854831
ARG,Argentina,2010,41288694
ARG,Argentina,2011,41730660
ARG,Argentina,2012,42161721
ARG,Argentina,2013,42582455
ARG,Argentina,2014,43024071
ARG,Argentina,2015,43477012
ARG,Argentina,2016,43900313
ARG,Argentina,2017,44288894
ARG,Argentina,2018,44654882
ARG,Argentina,2019,44973465
ARG,Argentina,2020,45191965
ARG,Argentina,2021,45312281
ARG,Argentina,2022,45407904
ARG,Argentina,2023,45538401
ARG,Argentina,2024,45696159
ARM,Armenia,1992,3571861
ARM,Armenia,1993,3453332
ARM,Armenia,1994,3364610
ARM,Armenia,1995,3307581
ARM,Armenia,1996,3278735
ARM,Armenia,1997,3246289
ARM,Armenia,1998,3208401
ARM,Armenia,1999,3167286
ARM,Armenia,2000,3221100
ARM,Armenia,2001,3211800
ARM,Armenia,2002,3199800
ARM,Armenia,2003,3182500
ARM,Armenia,2004,3164900
ARM,Armenia,2005,3146400
ARM,Armenia,2006,3127100
ARM,Armenia,2007,3107400
ARM,Armenia,2008,3087100
ARM,Armenia,2009,3066000
ARM,Armenia,2010,3044800
ARM,Armenia,2011,3027900
ARM,Armenia,2012,3024100
ARM,Armenia,2013,3022000
ARM,Armenia,2014,3013800
ARM,Armenia,2015,3004600
ARM,Armenia,2016,2992300
ARM,Armenia,2017,2979400
ARM,Armenia,2018,2969000
ARM,Armenia,2019,2962500
ARM,Armenia,2020,2961500
ARM,Armenia,2021,2962300
ARM,Armenia,2022,2969200
ARM,Armenia,2023,2964300
ARM,Armenia,2024,3033500
ASM,American Samoa,1992,49038
ASM,American Samoa,1993,50159
ASM,American Samoa,1994,51251
ASM,American Samoa,1995,52316
ASM,American Samoa,1996,53353
ASM,American Samoa,1997,54362
ASM,American Samoa,1998,55334
ASM,American Samoa,1999,56248
ASM,American Samoa,2000,56855
ASM,American Samoa,2001,57053
ASM,American Samoa,2002,57062
ASM,American Samoa,2003,56971
ASM,American Samoa,2004,56818
ASM,American Samoa,2005,56617
ASM,American Samoa,2006,56374
ASM,American Samoa,2007,56113
ASM,American Samoa,2008,55828
ASM,American Samoa,2009,55528
ASM,American Samoa,2010,55228
ASM,American Samoa,2011,54895
ASM,American Samoa,2012,54489
ASM,American Samoa,2013,54006
ASM,American Samoa,2014,53466
ASM,American Samoa,2015,52878
ASM,American Samoa,2016,52245
ASM,American Samoa,2017,51586
ASM,American Samoa,2018,50908
ASM,American Samoa,2019,50209
ASM,American Samoa,2020,49761
ASM,American Samoa,2021,49225
ASM,American Samoa,2022,48342
ASM,American Samoa,2023,47521
ASM,American Samoa,2024,46765
AUS,Australia,1992,17478635
AUS,Australia,1993,17634808
AUS,Australia,1994,17805468
AUS,Australia,1995,18004882
AUS,Australia,1996,18224767
AUS,Australia,1997,18423037
AUS,Australia,1998,18607584
AUS,Australia,1999,18812264
AUS,Australia,2000,19028802
AUS,Australia,2001,19274701
AUS,Australia,2002,19495210
AUS,Australia,2003,19720737
AUS,Australia,2004,19932722
AUS,Australia,2005,20176844
AUS,Australia,2006,20450966
AUS,Australia,2007,20827622
AUS,Australia,2008,21249199
AUS,Australia,2009,21691653
AUS,Australia,2010,22031750
AUS,Australia,2011,22340024
AUS,Australia,2012,22733465
AUS,Australia,2013,23128129
AUS,Australia,2014,23475686
AUS,Australia,2015,23815995
AUS,Australia,2016,24190907
AUS,Australia,2017,24592588
AUS,Australia,2018,24963258
AUS,Australia,2019,25334826
AUS,Australia,2020,25649248
AUS,Australia,2021,25685412
AUS,Australia,2022,26018721
AUS,Australia,2023,26659922
AUS,Australia,2024,27196812
AUT,Austria,1992,7840709
AUT,Austria,1993,7905633
AUT,Austria,1994,7936118
AUT,Austria,1995,7948278
AUT,Austria,1996,7959017
AUT,Austria,1997,7968041
AUT,Austria,1998,7976789
AUT,Austria,1999,7992324
AUT,Austria,2000,8011566
AUT,Austria,2001,8042293
AUT,Austria,2002,8081957
AUT,Austria,2003,8121423
AUT,Austria,2004,8171966
AUT,Austria,2005,8227829
AUT,Austria,2006,8268641
AUT,Austria,2007,8295487
AUT,Austria,2008,8321496
AUT,Austria,2009,8343323
AUT,Austria,2010,8363404
AUT,Austria,2011,8391643
AUT,Austria,2012,8429991
AUT,Austria,2013,8479823
AUT,Austria,2014,8546356
AUT,Austria,2015,8642699
AUT,Austria,2016,8736668
AUT,Austria,2017,8797566
AUT,Austria,2018,8840521
AUT,Austria,2019,8879920
AUT,Austria,2020,8916864
AUT,Austria,2021,8955797
AUT,Austria,2022,9041851
AUT,Austria,2023,9131761
AUT,Austria,2024,9177982
AZE,Azerbaijan,1992,7382050
AZE,Azerbaijan,1993,7494800
AZE,Azerbaijan,1994,7596550
AZE,Azerbaijan,1995,7684850
AZE,Azerbaijan,1996,7763000
AZE,Azerbaijan,1997,7838250
AZE,Azerbaijan,1998,7913000
AZE,Azerbaijan,1999,7982750
AZE,Azerbaijan,2000,8048600
AZE,Azerbaijan,2001,8111200
AZE,Azerbaijan,2002,8171950
AZE,Azerbaijan,2003,8234100
AZE,Azerbaijan,2004,8306500
AZE,Azerbaijan,2005,8391850
AZE,Azerbaijan,2006,8484550
AZE,Azerbaijan,2007,8581300
AZE,Azerbaijan,2008,8763400
AZE,Azerbaijan,2009,8947243
AZE,Azerbaijan,2010,9054332
AZE,Azerbaijan,2011,9173082
AZE,Azerbaijan,2012,9295784
AZE,Azerbaijan,2013,9416801
AZE,Azerbaijan,2014,9535079
AZE,Azerbaijan,2015,9649341
AZE,Azerbaijan,2016,9757812
AZE,Azerbaijan,2017,9854033
AZE,Azerbaijan,2018,9939771
AZE,Azerbaijan,2019,10024283
AZE,Azerbaijan,2020,10093121
AZE,Azerbaijan,2021,10137750
AZE,Azerbaijan,2022,10141756
AZE,Azerbaijan,2023,10153958
AZE,Azerbaijan,2024,10202830
BEL,Belgium,1992,10045158
BEL,Belgium,1993,10084475
BEL,Belgium,1994,10115603
BEL,Belgium,1995,10136811
BEL,Belgium,1996,10156637
BEL,Belgium,1997,10181245
BEL,Belgium,1998,10203008
BEL,Belgium,1999,10226419
BEL,Belgium,2000,10251250
BEL,Belgium,2001,10286570
BEL,Belgium,2002,10332785
BEL,Belgium,2003,10376133
BEL,Belgium,2004,10421137
BEL,Belgium,2005,10478617
BEL,Belgium,2006,10547958
BEL,Belgium,2007,10625700
BEL,Belgium,2008,10709973
BEL,Belgium,2009,10796493
BEL,Belgium,2010,10895586
BEL,Belgium,2011,11038264
BEL,Belgium,2012,11106932
BEL,Belgium,2013,11159407
BEL,Belgium,2014,11209057
BEL,Belgium,2015,11274196
BEL,Belgium,2016,11331422
BEL,Belgium,2017,11375158
BEL,Belgium,2018,11427054
BEL,Belgium,2019,11488980
BEL,Belgium,2020,11538604
BEL,Belgium,2021,11586195
BEL,Belgium,2022,11680210
BEL,Belgium,2023,11779946
BEL,Belgium,2024,11858610
BGR,Bulgaria,1992,8540164
BGR,Bulgaria,1993,8472313
BGR,Bulgaria,1994,8443591
BGR,Bulgaria,1995,8406067
BGR,Bulgaria,1996,8362826
BGR,Bulgaria,1997,8312068
BGR,Bulgaria,1998,8256786
BGR,Bulgaria,1999,8210624
BGR,Bulgaria,2000,8170172
BGR,Bulgaria,2001,8009142
BGR,Bulgaria,2002,7837161
BGR,Bulgaria,2003,7775327
BGR,Bulgaria,2004,7716860
BGR,Bulgaria,2005,7658972
BGR,Bulgaria,2006,7601022
BGR,Bulgaria,2007,7545338
BGR,Bulgaria,2008,7492561
BGR,Bulgaria,2009,7444443
BGR,Bulgaria,2010,7395599
BGR,Bulgaria,2011,7348328
BGR,Bulgaria,2012,7305888
BGR,Bulgaria,2013,7160005
BGR,Bulgaria,2014,7073572
BGR,Bulgaria,2015,6984225
BGR,Bulgaria,2016,6894139
BGR,Bulgaria,2017,6803468
BGR,Bulgaria,2018,6710798
BGR,Bulgaria,2019,6616726
BGR,Bulgaria,2020,6550696
BGR,Bulgaria,2021,6507301
BGR,Bulgaria,2022,6465097
BGR,Bulgaria,2023,6446596
BGR,Bulgaria,2024,6441421
BIH,Bosnia and Herzegovina,1992,4234616
BIH,Bosnia and Herzegovina,1993,3904482
BIH,Bosnia and Herzegovina,1994,3725412
BIH,Bosnia and Herzegovina,1995,3715564
BIH,Bosnia and Herzegovina,1996,3875246
BIH,Bosnia and Herzegovina,1997,4018227
BIH,Bosnia and Herzegovina,1998,4089356
BIH,Bosnia and Herzegovina,1999,4130305
BIH,Bosnia and Herzegovina,2000,4159771
BIH,Bosnia and Herzegovina,2001,4179438
BIH,Bosnia and Herzegovina,2002,4188002
BIH,Bosnia and Herzegovina,2003,4178523
BIH,Bosnia and Herzegovina,2004,4140987
BIH,Bosnia and Herzegovina,2005,4096493
BIH,Bosnia and Herzegovina,2006,4063272
BIH,Bosnia and Herzegovina,2007,4013424
BIH,Bosnia and Herzegovina,2008,3947544
BIH,Bosnia and Herzegovina,2009,3879794
BIH,Bosnia and Herzegovina,2010,3811472
BIH,Bosnia and Herzegovina,2011,3741798
BIH,Bosnia and Herzegovina,2012,3670113
BIH,Bosnia and Herzegovina,2013,3610859
BIH,Bosnia and Herzegovina,2014,3564829
BIH,Bosnia and Herzegovina,2015,3518541
BIH,Bosnia and Herzegovina,2016,3473003
BIH,Bosnia and Herzegovina,2017,3428682
BIH,Bosnia and Herzegovina,2018,3387000
BIH,Bosnia and Herzegovina,2019,3345533
BIH,Bosnia and Herzegovina,2020,3299349
BIH,Bosnia and Herzegovina,2021,3244907
BIH,Bosnia and Herzegovina,2022,3204802
BIH,Bosnia and Herzegovina,2023,3185073
BIH,Bosnia and Herzegovina,2024,3164253
BLR,Belarus,1992,10216470
BLR,Belarus,1993,10239050
BLR,Belarus,1994,10226955
BLR,Belarus,1995,10193831
BLR,Belarus,1996,10159569
BLR,Belarus,1997,10117433
BLR,Belarus,1998,10071963
BLR,Belarus,1999,10026738
BLR,Belarus,2000,9979610
BLR,Belarus,2001,9928549
BLR,Belarus,2002,9865548
BLR,Belarus,2003,9796749
BLR,Belarus,2004,9730146
BLR,Belarus,2005,9663915
BLR,Belarus,2006,9604924
BLR,Belarus,2007,9560953
BLR,Belarus,2008,9527985
BLR,Belarus,2009,9504583
BLR,Belarus,2010,9483836
BLR,Belarus,2011,9461643
BLR,Belarus,2012,9446836
BLR,Belarus,2013,9443211
BLR,Belarus,2014,9448515
BLR,Belarus,2015,9461076
BLR,Belarus,2016,9469379
BLR,Belarus,2017,9458989
BLR,Belarus,2018,9438785
BLR,Belarus,2019,9419758
BLR,Belarus,2020,9379952
BLR,Belarus,2021,9302585
BLR,Belarus,2022,9228071
BLR,Belarus,2023,9178298
BLR,Belarus,2024,9132629
BOL,Bolivia,1992,7430336
BOL,Bolivia,1993,7579195
BOL,Bolivia,1994,7727322
BOL,Bolivia,1995,7874676
BOL,Bolivia,1996,8021736
BOL,Bolivia,1997,8167900
BOL,Bolivia,1998,8313394
BOL,Bolivia,1999,8459806
BOL,Bolivia,2000,8606326
BOL,Bolivia,2001,8752736
BOL,Bolivia,2002,8900355
BOL,Bolivia,2003,9050700
BOL,Bolivia,2004,9204287
BOL,Bolivia,2005,9360754
BOL,Bolivia,2006,9521689
BOL,Bolivia,2007,9685960
BOL,Bolivia,2008,9850858
BOL,Bolivia,2009,10016275
BOL,Bolivia,2010,10182345
BOL,Bolivia,2011,10348929
BOL,Bolivia,2012,10515807
BOL,Bolivia,2013,10682608
BOL,Bolivia,2014,10848888
BOL,Bolivia,2015,11014705
BOL,Bolivia,2016,11180020
BOL,Bolivia,2017,11344587
BOL,Bolivia,2018,11508368
BOL,Bolivia,2019,11671386
BOL,Bolivia,2020,11816299
BOL,Bolivia,2021,11937360
BOL,Bolivia,2022,12077154
BOL,Bolivia,2023,12244159
BOL,Bolivia,2024,12413315
BRA,Brazil,1992,154275079
BRA,Brazil,1993,156794577
BRA,Brazil,1994,159265006
BRA,Brazil,1995,161735073
BRA,Brazil,1996,164202549
BRA,Brazil,1997,166661659
BRA,Brazil,1998,169159655
BRA,Brazil,1999,171641543
BRA,Brazil,2000,174018282
BRA,Brazil,2001,176301203
BRA,Brazil,2002,178503484
BRA,Brazil,2003,180622688
BRA,Brazil,2004,182675143
BRA,Brazil,2005,184688101
BRA,Brazil,2006,186653106
BRA,Brazil,2007,188552320
BRA,Brazil,2008,190367302
BRA,Brazil,2009,192079951
BRA,Brazil,2010,193701929
BRA,Brazil,2011,195284734
BRA,Brazil,2012,196876111
BRA,Brazil,2013,198478299
BRA,Brazil,2014,200085127
BRA,Brazil,2015,201675532
BRA,Brazil,2016,203218114
BRA,Brazil,2017,204703445
BRA,Brazil,2018,206107261
BRA,Brazil,2019,207455459
BRA,Brazil,2020,208660842
BRA,Brazil,2021,209550294
BRA,Brazil,2022,210306415
BRA,Brazil,2023,211140729
BRA,Brazil,2024,211998573
CAN,Canada,1992,28371264
CAN,Canada,1993,28684764
CAN,Canada,1994,29000663
CAN,Canada,1995,29302311
CAN,Canada,1996,29610218
CAN,Canada,1997,29905948
CAN,Canada,1998,30155173
CAN,Canada,1999,30401286
CAN,Canada,2000,30685730
CAN,Canada,2001,31020855
CAN,Canada,2002,31359199
CAN,Canada,2003,31642461
CAN,Canada,2004,31938807
CAN,Canada,2005,32242732
CAN,Canada,2006,32571193
CAN,Canada,2007,32888886
CAN,Canada,2008,33247298
CAN,Canada,2009,33630069
CAN,Canada,2010,34005902
CAN,Canada,2011,34339221
CAN,Canada,2012,34713395
CAN,Canada,2013,35080992
CAN,Canada,2014,35434066
CAN,Canada,2015,35704498
CAN,Canada,2016,36110803
CAN,Canada,2017,36545075
CAN,Canada,2018,37072620
CAN,Canada,2019,37618495
CAN,Canada,2020,38028638
CAN,Canada,2021,38239864
CAN,Canada,2022,38935934
CAN,Canada,2023,40083484
CAN,Canada,2024,41288599
CHE,Switzerland,1992,6875364
CHE,Switzerland,1993,6938265
CHE,Switzerland,1994,6993795
CHE,Switzerland,1995,7040687
CHE,Switzerland,1996,7071850
CHE,Switzerland,1997,7088906
CHE,Switzerland,1998,7110001
CHE,Switzerland,1999,7143991
CHE,Switzerland,2000,7184250
CHE,Switzerland,2001,7229854
CHE,Switzerland,2002,7284753
CHE,Switzerland,2003,7339001
CHE,Switzerland,2004,7389625
CHE,Switzerland,2005,7437115
CHE,Switzerland,2006,7483934
CHE,Switzerland,2007,7551117
CHE,Switzerland,2008,7647675
CHE,Switzerland,2009,7743831
CHE,Switzerland,2010,7824909
CHE,Switzerland,2011,7912398
CHE,Switzerland,2012,7996861
CHE,Switzerland,2013,8089346
CHE,Switzerland,2014,8188649
CHE,Switzerland,2015,8282396
CHE,Switzerland,2016,8373338
CHE,Switzerland,2017,8451840
CHE,Switzerland,2018,8514329
CHE,Switzerland,2019,8575280
CHE,Switzerland,2020,8638167
CHE,Switzerland,2021,8704546
CHE,Switzerland,2022,8777088
CHE,Switzerland,2023,8888822
CHE,Switzerland,2024,9005582
CHL,Chile,1992,13884577
CHL,Chile,1993,14102276
CHL,Chile,1994,14316256
CHL,Chile,1995,14527381
CHL,Chile,1996,14734046
CHL,Chile,1997,14932434
CHL,Chile,1998,15127799
CHL,Chile,1999,15319313
CHL,Chile,2000,15503635
CHL,Chile,2001,15683849
CHL,Chile,2002,15857925
CHL,Chile,2003,16024752
CHL,Chile,2004,16187322
CHL,Chile,2005,16348778
CHL,Chile,2006,16509195
CHL,Chile,2007,16671581
CHL,Chile,2008,16838988
CHL,Chile,2009,17009731
CHL,Chile,2010,17181464
CHL,Chile,2011,17351816
CHL,Chile,2012,17519119
CHL,Chile,2013,17687006
CHL,Chile,2014,17864195
CHL,Chile,2015,18047625
CHL,Chile,2016,18267221
CHL,Chile,2017,18558868
CHL,Chile,2018,18893191
CHL,Chile,2019,19197744
CHL,Chile,2020,19370624
CHL,Chile,2021,19456334
CHL,Chile,2022,19553036
CHL,Chile,2023,19658835
CHL,Chile,2024,19764771
CHN,China,1992,1164970000
CHN,China,1993,1178440000
CHN,China,1994,1191835000
CHN,China,1995,1204855000
CHN,China,1996,1217550000
CHN,China,1997,1230075000
CHN,China,1998,1241935000
CHN,China,1999,1252735000
CHN,China,2000,1262645000
CHN,China,2001,1271850000
CHN,China,2002,1280400000
CHN,China,2003,1288400000
CHN,China,2004,1296075000
CHN,China,2005,1303720000
CHN,China,2006,1311020000
CHN,China,2007,1317885000
CHN,China,2008,1324655000
CHN,China,2009,1331260000
CHN,China,2010,1337705000
CHN,China,2011,1345035000
CHN,China,2012,1354190000
CHN,China,2013,1363240000
CHN,China,2014,1371860000
CHN,China,2015,1379860000
CHN,China,2016,1387790000
CHN,China,2017,1396215000
CHN,China,2018,1402760000
CHN,China,2019,1407745000
CHN,China,2020,1411100000
CHN,China,2021,1412360000
CHN,China,2022,1412175000
CHN,China,2023,1410710000
CHN,China,2024,1408975000
CMR,Cameroon,1992,12006353
CMR,Cameroon,1993,12353131
CMR,Cameroon,1994,12704903
CMR,Cameroon,1995,13058516
CMR,Cameroon,1996,13414757
CMR,Cameroon,1997,13775214
CMR,Cameroon,1998,14144860
CMR,Cameroon,1999,14525140
CMR,Cameroon,2000,14912631
CMR,Cameroon,2001,15309490
CMR,Cameroon,2002,15725528
CMR,Cameroon,2003,16160340
CMR,Cameroon,2004,16610487
CMR,Cameroon,2005,17074594
CMR,Cameroon,2006,17550407
CMR,Cameroon,2007,18049896
CMR,Cameroon,2008,18574056
CMR,Cameroon,2009,19113974
CMR,Cameroon,2010,19668066
CMR,Cameroon,2011,20232304
CMR,Cameroon,2012,20809529
CMR,Cameroon,2013,21402376
CMR,Cameroon,2014,22059893
CMR,Cameroon,2015,22763414
CMR,Cameroon,2016,23454161
CMR,Cameroon,2017,24128601
CMR,Cameroon,2018,24806383
CMR,Cameroon,2019,25506095
CMR,Cameroon,2020,26210558
CMR,Cameroon,2021,26915758
CMR,Cameroon,2022,27632771
CMR,Cameroon,2023,28372687
CMR,Cameroon,2024,29123744
COL,Colombia,1992,33760571
COL,Colombia,1993,34441473
COL,Colombia,1994,35127410
COL,Colombia,1995,35804662
COL,Colombia,1996,36462745
COL,Colombia,1997,37121149
COL,Colombia,1998,37792165
COL,Colombia,1999,38454863
COL,Colombia,2000,39089934
COL,Colombia,2001,39709262
COL,Colombia,2002,40324680
COL,Colombia,2003,40937429
COL,Colombia,2004,41543171
COL,Colombia,2005,42128977
COL,Colombia,2006,42691084
COL,Colombia,2007,43235374
COL,Colombia,2008,43758808
COL,Colombia,2009,44271541
COL,Colombia,2010,44777319
COL,Colombia,2011,45259614
COL,Colombia,2012,45715810
COL,Colombia,2013,46151584
COL,Colombia,2014,46565429
COL,Colombia,2015,46969940
COL,Colombia,2016,47437512
COL,Colombia,2017,48131078
COL,Colombia,2018,49024465
COL,Colombia,2019,49907985
COL,Colombia,2020,50629997
COL,Colombia,2021,51188173
COL,Colombia,2022,51737944
COL,Colombia,2023,52321152
COL,Colombia,2024,52886363
CRI,Costa Rica,1992,3284258
CRI,Costa Rica,1993,3367434
CRI,Costa Rica,1994,3451122
CRI,Costa Rica,1995,3535176
CRI,Costa Rica,1996,3619013
CRI,Costa Rica,1997,3701711
CRI,Costa Rica,1998,3782838
CRI,Costa Rica,1999,3862101
CRI,Costa Rica,2000,3937739
CRI,Costa Rica,2001,4008947
CRI,Costa Rica,2002,4075705
CRI,Costa Rica,2003,4138784
CRI,Costa Rica,2004,4200078
CRI,Costa Rica,2005,4261240
CRI,Costa Rica,2006,4321340
CRI,Costa Rica,2007,4380248
CRI,Costa Rica,2008,4440056
CRI,Costa Rica,2009,4499791
CRI,Costa Rica,2010,4555962
CRI,Costa Rica,2011,4609833
CRI,Costa Rica,2012,4663934
CRI,Costa Rica,2013,4716147
CRI,Costa Rica,2014,4767119
CRI,Costa Rica,2015,4818038
CRI,Costa Rica,2016,4866998
CRI,Costa Rica,2017,4913177
CRI,Costa Rica,2018,4957818
CRI,Costa Rica,2019,4999553
CRI,Costa Rica,2020,5034320
CRI,Costa Rica,2021,5059988
CRI,Costa Rica,2022,5081765
CRI,Costa Rica,2023,5105525
CRI,Costa Rica,2024,5129910
CYP,Cyprus,1992,810341
CYP,Cyprus,1993,826034
CYP,Cyprus,1994,844667
CYP,Cyprus,1995,862695
CYP,Cyprus,1996,880290
CYP,Cyprus,1997,897568
CYP,Cyprus,1998,914548
CYP,Cyprus,1999,931234
CYP,Cyprus,2000,947667
CYP,Cyprus,2001,964127
CYP,Cyprus,2002,981440
CYP,Cyprus,2003,999590
CYP,Cyprus,2004,1017875
CYP,Cyprus,2005,1036151
CYP,Cyprus,2006,1054418
CYP,Cyprus,2007,1072714
CYP,Cyprus,2008,1091026
CYP,Cyprus,2009,1109371
CYP,Cyprus,2010,1127816
CYP,Cyprus,2011,1146493
CYP,Cyprus,2012,1165397
CYP,Cyprus,2013,1183895
CYP,Cyprus,2014,1201801
CYP,Cyprus,2015,1219502
CYP,Cyprus,2016,1237112
CYP,Cyprus,2017,1254275
CYP,Cyprus,2018,1270737
CYP,Cyprus,2019,1286671
CYP,Cyprus,2020,1302247
CYP,Cyprus,2021,1317309
CYP,Cyprus,2022,1331370
CYP,Cyprus,2023,1344976
CYP,Cyprus,2024,1358282
CZE,Czechia,1992,10319123
CZE,Czechia,1993,10329855
CZE,Czechia,1994,10333587
CZE,Czechia,1995,10327253
CZE,Czechia,1996,10315241
CZE,Czechia,1997,10304131
CZE,Czechia,1998,10294373
CZE,Czechia,1999,10283860
CZE,Czechia,2000,10255063
CZE,Czechia,2001,10216605
CZE,Czechia,2002,10196916
CZE,Czechia,2003,10193998
CZE,Czechia,2004,10197101
CZE,Czechia,2005,10211216
CZE,Czechia,2006,10238905
CZE,Czechia,2007,10298828
CZE,Czechia,2008,10384603
CZE,Czechia,2009,10443936
CZE,Czechia,2010,10474410
CZE,Czechia,2011,10496088
CZE,Czechia,2012,10510785
CZE,Czechia,2013,10514272
CZE,Czechia,2014,10525347
CZE,Czechia,2015,10546059
CZE,Czechia,2016,10566332
CZE,Czechia,2017,10594438
CZE,Czechia,2018,10629928
CZE,Czechia,2019,10671870
CZE,Czechia,2020,10697858
CZE,Czechia,2021,10505772
CZE,Czechia,2022,10672118
CZE,Czechia,2023,10864042
CZE,Czechia,2024,10905028
DEU,Germany,1992,80624598
DEU,Germany,1993,81156363
DEU,Germany,1994,81438348
DEU,Germany,1995,81678051
DEU,Germany,1996,81914831
DEU,Germany,1997,82034771
DEU,Germany,1998,82047195
DEU,Germany,1999,82100243
DEU,Germany,2000,82211508
DEU,Germany,2001,82349925
DEU,Germany,2002,82488495
DEU,Germany,2003,82534176
DEU,Germany,2004,82516260
DEU,Germany,2005,82469422
DEU,Germany,2006,82376451
DEU,Germany,2007,82266372
DEU,Germany,2008,82110097
DEU,Germany,2009,81902307
DEU,Germany,2010,81776930
DEU,Germany,2011,80274983
DEU,Germany,2012,80425823
DEU,Germany,2013,80645605
DEU,Germany,2014,80982500
DEU,Germany,2015,81686611
DEU,Germany,2016,82348669
DEU,Germany,2017,82657002
DEU,Germany,2018,82905782
DEU,Germany,2019,83092962
DEU,Germany,2020,83160871
DEU,Germany,2021,83196078
DEU,Germany,2022,83177813
DEU,Germany,2023,83287273
DEU,Germany,2024,83516593
DMA,Dominica,1992,69325
DMA,Dominica,1993,69433
DMA,Dominica,1994,69477
DMA,Dominica,1995,69469
DMA,Dominica,1996,69410
DMA,Dominica,1997,69299
DMA,Dominica,1998,69124
DMA,Dominica,1999,68870
DMA,Dominica,2000,68511
DMA,Dominica,2001,68288
DMA,Dominica,2002,68367
DMA,Dominica,2003,68531
DMA,Dominica,2004,68649
DMA,Dominica,2005,68734
DMA,Dominica,2006,68806
DMA,Dominica,2007,68847
DMA,Dominica,2008,68854
DMA,Dominica,2009,68864
DMA,Dominica,2010,68859
DMA,Dominica,2011,69053
DMA,Dominica,2012,69118
DMA,Dominica,2013,69715
DMA,Dominica,2014,70373
DMA,Dominica,2015,70410
DMA,Dominica,2016,69606
DMA,Dominica,2017,68496
DMA,Dominica,2018,68174
DMA,Dominica,2019,67880
DMA,Dominica,2020,67573
DMA,Dominica,2021,67202
DMA,Dominica,2022,66826
DMA,Dominica,2023,66510
DMA,Dominica,2024,66205
DNK,Denmark,1992,5171370
DNK,Denmark,1993,5188628
DNK,Denmark,1994,5206180
DNK,Denmark,1995,5233373
DNK,Denmark,1996,5263074
DNK,Denmark,1997,5284991
DNK,Denmark,1998,5304219
DNK,Denmark,1999,5321799
DNK,Denmark,2000,5339616
DNK,Denmark,2001,5358783
DNK,Denmark,2002,5375931
DNK,Denmark,2003,5390574
DNK,Denmark,2004,5404523
DNK,Denmark,2005,5419432
DNK,Denmark,2006,5437272
DNK,Denmark,2007,5461438
DNK,Denmark,2008,5493621
DNK,Denmark,2009,5523095
DNK,Denmark,2010,5547683
DNK,Denmark,2011,5570572
DNK,Denmark,2012,5591572
DNK,Denmark,2013,5614932
DNK,Denmark,2014,5643475
DNK,Denmark,2015,5683483
DNK,Denmark,2016,5728010
DNK,Denmark,2017,5764980
DNK,Denmark,2018,5793636
DNK,Denmark,2019,5814422
DNK,Denmark,2020,5831404
DNK,Denmark,2021,5856733
DNK,Denmark,2022,5903037
DNK,Denmark,2023,5946952
DNK,Denmark,2024,5976992
DZA,Algeria,1992,26628568
DZA,Algeria,1993,27277048
DZA,Algeria,1994,27887279
DZA,Algeria,1995,28470191
DZA,Algeria,1996,29033044
DZA,Algeria,1997,29579301
DZA,Algeria,1998,30054133
DZA,Algeria,1999,30474354
DZA,Algeria,2000,30903893
DZA,Algeria,2001,31331221
DZA,Algeria,2002,31750835
DZA,Algeria,2003,32175818
DZA,Algeria,2004,32628286
DZA,Algeria,2005,33109249
DZA,Algeria,2006,33623506
DZA,Algeria,2007,34189416
DZA,Algeria,2008,34816961
DZA,Algeria,2009,35490445
DZA,Algeria,2010,36188236
DZA,Algeria,2011,36903376
DZA,Algeria,2012,37646166
DZA,Algeria,2013,38414171
DZA,Algeria,2014,39205031
DZA,Algeria,2015,40019529
DZA,Algeria,2016,40850721
DZA,Algeria,2017,41689299
DZA,Algeria,2018,42505035
DZA,Algeria,2019,43294546
DZA,Algeria,2020,44042091
DZA,Algeria,2021,44761099
DZA,Algeria,2022,45477389
DZA,Algeria,2023,46164219
DZA,Algeria,2024,46814308
ESP,Spain,1992,39157685
ESP,Spain,1993,39361262
ESP,Spain,1994,39549108
ESP,Spain,1995,39724050
ESP,Spain,1996,39889852
ESP,Spain,1997,40057389
ESP,Spain,1998,40223509
ESP,Spain,1999,40386875
ESP,Spain,2000,40567864
ESP,Spain,2001,40850412
ESP,Spain,2002,41431558
ESP,Spain,2003,42187645
ESP,Spain,2004,42921895
ESP,Spain,2005,43653155
ESP,Spain,2006,44397319
ESP,Spain,2007,45226803
ESP,Spain,2008,45954106
ESP,Spain,2009,46362946
ESP,Spain,2010,46576897
ESP,Spain,2011,46742697
ESP,Spain,2012,46773055
ESP,Spain,2013,46604197
ESP,Spain,2014,46460733
ESP,Spain,2015,46422303
ESP,Spain,2016,46458139
ESP,Spain,2017,46571232
ESP,Spain,2018,46782011
ESP,Spain,2019,47118501
ESP,Spain,2020,47359424
ESP,Spain,2021,47443821
ESP,Spain,2022,47786102
ESP,Spain,2023,48352528
ESP,Spain,2024,48848840
EST,Estonia,1992,1533091
EST,Estonia,1993,1494128
EST,Estonia,1994,1462514
EST,Estonia,1995,1436634
EST,Estonia,1996,1415594
EST,Estonia,1997,1399535
EST,Estonia,1998,1386156
EST,Estonia,1999,1390244
EST,Estonia,2000,1396985
EST,Estonia,2001,1388115
EST,Estonia,2002,1379350
EST,Estonia,2003,1370720
EST,Estonia,2004,1362550
EST,Estonia,2005,1354775
EST,Estonia,2006,1346810
EST,Estonia,2007,1340680
EST,Estonia,2008,1337090
EST,Estonia,2009,1334515
EST,Estonia,2010,1331475
EST,Estonia,2011,1327439
EST,Estonia,2012,1322696
EST,Estonia,2013,1317997
EST,Estonia,2014,1314545
EST,Estonia,2015,1315407
EST,Estonia,2016,1315790
EST,Estonia,2017,1317384
EST,Estonia,2018,1321977
EST,Estonia,2019,1326898
EST,Estonia,2020,1329522
EST,Estonia,2021,1330932
EST,Estonia,2022,1348840
EST,Estonia,2023,1370286
EST,Estonia,2024,1372341
ETH,Ethiopia,1992,51853747
ETH,Ethiopia,1993,53708891
ETH,Ethiopia,1994,55611508
ETH,Ethiopia,1995,57537335
ETH,Ethiopia,1996,59467635
ETH,Ethiopia,1997,61404539
ETH,Ethiopia,1998,63363524
ETH,Ethiopia,1999,65374561
ETH,Ethiopia,2000,67411494
ETH,Ethiopia,2001,69487762
ETH,Ethiopia,2002,71635517
ETH,Ethiopia,2003,73832663
ETH,Ethiopia,2004,76077206
ETH,Ethiopia,2005,78367470
ETH,Ethiopia,2006,80703490
ETH,Ethiopia,2007,83103217
ETH,Ethiopia,2008,85543668
ETH,Ethiopia,2009,88007636
ETH,Ethiopia,2010,90538514
ETH,Ethiopia,2011,93149970
ETH,Ethiopia,2012,95798767
ETH,Ethiopia,2013,98438751
ETH,Ethiopia,2014,101115610
ETH,Ethiopia,2015,103867135
ETH,Ethiopia,2016,106718162
ETH,Ethiopia,2017,109666481
ETH,Ethiopia,2018,112664152
ETH,Ethiopia,2019,115737383
ETH,Ethiopia,2020,118917671
ETH,Ethiopia,2021,122138588
ETH,Ethiopia,2022,125384287
ETH,Ethiopia,2023,128691692
ETH,Ethiopia,2024,132059767
FIN,Finland,1992,5041992
FIN,Finland,1993,5066447
FIN,Finland,1994,5088333
FIN,Finland,1995,5107790
FIN,Finland,1996,5124573
FIN,Finland,1997,5139835
FIN,Finland,1998,5153498
FIN,Finland,1999,5165474
FIN,Finland,2000,5176209
FIN,Finland,2001,5188008
FIN,Finland,2002,5200598
FIN,Finland,2003,5213014
FIN,Finland,2004,5228172
FIN,Finland,2005,5246096
FIN,Finland,2006,5266268
FIN,Finland,2007,5288720
FIN,Finland,2008,5313399
FIN,Finland,2009,5338871
FIN,Finland,2010,5363352
FIN,Finland,2011,5388272
FIN,Finland,2012,5413971
FIN,Finland,2013,5438972
FIN,Finland,2014,5461512
FIN,Finland,2015,5479531
FIN,Finland,2016,5495303
FIN,Finland,2017,5508214
FIN,Finland,2018,5515525
FIN,Finland,2019,5521606
FIN,Finland,2020,5529543
FIN,Finland,2021,5541017
FIN,Finland,2022,5556106
FIN,Finland,2023,5583911
FIN,Finland,2024,5619911
FRA,France,1992,58846584
FRA,France,1993,59103094
FRA,France,1994,59324863
FRA,France,1995,59541294
FRA,France,1996,59754504
FRA,France,1997,59968066
FRA,France,1998,60190684
FRA,France,1999,60501986
FRA,France,2000,60918661
FRA,France,2001,61364377
FRA,France,2002,61812142
FRA,France,2003,62249855
FRA,France,2004,62707588
FRA,France,2005,63180854
FRA,France,2006,63622342
FRA,France,2007,64016890
FRA,France,2008,64375116
FRA,France,2009,64706436
FRA,France,2010,65026211
FRA,France,2011,65340830
FRA,France,2012,65657659
FRA,France,2013,65997932
FRA,France,2014,66312067
FRA,France,2015,66548272
FRA,France,2016,66724104
FRA,France,2017,66918020
FRA,France,2018,67158348
FRA,France,2019,67382061
FRA,France,2020,67601110
FRA,France,2021,67842811
FRA,France,2022,68184457
FRA,France,2023,68372286
FRA,France,2024,68551653
GBR,United Kingdom,1992,57580402
GBR,United Kingdom,1993,57718614
GBR,United Kingdom,1994,57865745
GBR,United Kingdom,1995,58019030
GBR,United Kingdom,1996,58166950
GBR,United Kingdom,1997,58316954
GBR,United Kingdom,1998,58487141
GBR,United Kingdom,1999,58682466
GBR,United Kingdom,2000,58892514
GBR,United Kingdom,2001,59119673
GBR,United Kingdom,2002,59370479
GBR,United Kingdom,2003,59647577
GBR,United Kingdom,2004,59987905
GBR,United Kingdom,2005,60401206
GBR,United Kingdom,2006,60846820
GBR,United Kingdom,2007,61322463
GBR,United Kingdom,2008,61806995
GBR,United Kingdom,2009,62276270
GBR,United Kingdom,2010,62766365
GBR,United Kingdom,2011,63258810
GBR,United Kingdom,2012,63711000
GBR,United Kingdom,2013,64139000
GBR,United Kingdom,2014,64620000
GBR,United Kingdom,2015,65088000
GBR,United Kingdom,2016,65607000
GBR,United Kingdom,2017,65966000
GBR,United Kingdom,2018,66289000
GBR,United Kingdom,2019,66631000
GBR,United Kingdom,2020,66744000
GBR,United Kingdom,2021,66984000
GBR,United Kingdom,2022,67604000
GBR,United Kingdom,2023,68492000
GBR,United Kingdom,2024,69226000
GEO,Georgia,1992,4873500
GEO,Georgia,1993,4911100
GEO,Georgia,1994,4836076
GEO,Georgia,1995,4657722
GEO,Georgia,1996,4491699
GEO,Georgia,1997,4349913
GEO,Georgia,1998,4243607
GEO,Georgia,1999,4157192
GEO,Georgia,2000,4077131
GEO,Georgia,2001,4014373
GEO,Georgia,2002,3978515
GEO,Georgia,2003,3951736
GEO,Georgia,2004,3927340
GEO,Georgia,2005,3902469
GEO,Georgia,2006,3880347
GEO,Georgia,2007,3860158
GEO,Georgia,2008,3848449
GEO,Georgia,2009,3814419
GEO,Georgia,2010,3786695
GEO,Georgia,2011,3756441
GEO,Georgia,2012,3728874
GEO,Georgia,2013,3717668
GEO,Georgia,2014,3719414
GEO,Georgia,2015,3725276
GEO,Georgia,2016,3727505
GEO,Georgia,2017,3728004
GEO,Georgia,2018,3726549
GEO,Georgia,2019,3720161
GEO,Georgia,2020,3722716
GEO,Georgia,2021,3708610
GEO,Georgia,2022,3712502
GEO,Georgia,2023,3715483
GEO,Georgia,2024,3699557
GHA,Ghana,1992,16184855
GHA,Ghana,1993,16589519
GHA,Ghana,1994,16993190
GHA,Ghana,1995,17399017
GHA,Ghana,1996,17810181
GHA,Ghana,1997,18238958
GHA,Ghana,1998,18688036
GHA,Ghana,1999,19149864
GHA,Ghana,2000,19637087
GHA,Ghana,2001,20167069
GHA,Ghana,2002,20729388
GHA,Ghana,2003,21296705
GHA,Ghana,2004,21868298
GHA,Ghana,2005,22449438
GHA,Ghana,2006,23040702
GHA,Ghana,2007,23642279
GHA,Ghana,2008,24249946
GHA,Ghana,2009,24862664
GHA,Ghana,2010,25474995
GHA,Ghana,2011,26095088
GHA,Ghana,2012,26734268
GHA,Ghana,2013,27386193
GHA,Ghana,2014,28041592
GHA,Ghana,2015,28696068
GHA,Ghana,2016,29356742
GHA,Ghana,2017,30008354
GHA,Ghana,2018,30637585
GHA,Ghana,2019,31258945
GHA,Ghana,2020,31887809
GHA,Ghana,2021,32518665
GHA,Ghana,2022,33149152
GHA,Ghana,2023,33787914
GHA,Ghana,2024,34427414
GRC,Greece,1992,10399061
GRC,Greece,1993,10460415
GRC,Greece,1994,10512922
GRC,Greece,1995,10562153
GRC,Greece,1996,10608800
GRC,Greece,1997,10661259
GRC,Greece,1998,10720509
GRC,Greece,1999,10761698
GRC,Greece,2000,10805808
GRC,Greece,2001,10862132
GRC,Greece,2002,10902022
GRC,Greece,2003,10928070
GRC,Greece,2004,10955141
GRC,Greece,2005,10987314
GRC,Greece,2006,11020362
GRC,Greece,2007,11048473
GRC,Greece,2008,11077841
GRC,Greece,2009,11107017
GRC,Greece,2010,11121341
GRC,Greece,2011,11104899
GRC,Greece,2012,11045011
GRC,Greece,2013,10965211
GRC,Greece,2014,10892413
GRC,Greece,2015,10820883
GRC,Greece,2016,10775971
GRC,Greece,2017,10754679
GRC,Greece,2018,10732882
GRC,Greece,2019,10721582
GRC,Greece,2020,10698599
GRC,Greece,2021,10569207
GRC,Greece,2022,10436882
GRC,Greece,2023,10407351
GRC,Greece,2024,10405134
HKG,"Hong Kong SAR, China",1992,5800500
HKG,"Hong Kong SAR, China",1993,5901000
HKG,"Hong Kong SAR, China",1994,6035400
HKG,"Hong Kong SAR, China",1995,6156100
HKG,"Hong Kong SAR, China",1996,6435500
HKG,"Hong Kong SAR, China",1997,6489300
HKG,"Hong Kong SAR, China",1998,6543700
HKG,"Hong Kong SAR, China",1999,6606500
HKG,"Hong Kong SAR, China",2000,6665000
HKG,"Hong Kong SAR, China",2001,6714300
HKG,"Hong Kong SAR, China",2002,6744100
HKG,"Hong Kong SAR, China",2003,6730800
HKG,"Hong Kong SAR, China",2004,6783500
HKG,"Hong Kong SAR, China",2005,6813200
HKG,"Hong Kong SAR, China",2006,6857100
HKG,"Hong Kong SAR, China",2007,6916300
HKG,"Hong Kong SAR, China",2008,6957800
HKG,"Hong Kong SAR, China",2009,6972800
HKG,"Hong Kong SAR, China",2010,7024200
HKG,"Hong Kong SAR, China",2011,7071600
HKG,"Hong Kong SAR, China",2012,7150100
HKG,"Hong Kong SAR, China",2013,7178900
HKG,"Hong Kong SAR, China",2014,7229500
HKG,"Hong Kong SAR, China",2015,7291300
HKG,"Hong Kong SAR, China",2016,7336600
HKG,"Hong Kong SAR, China",2017,7393200
HKG,"Hong Kong SAR, China",2018,7452600
HKG,"Hong Kong SAR, China",2019,7507900
HKG,"Hong Kong SAR, China",2020,7481000
HKG,"Hong Kong SAR, China",2021,7413100
HKG,"Hong Kong SAR, China",2022,7346100
HKG,"Hong Kong SAR, China",2023,7536100
HKG,"Hong Kong SAR, China",2024,7524100
HND,Honduras,1992,5271431
HND,Honduras,1993,5423249
HND,Honduras,1994,5579242
HND,Honduras,1995,5739637
HND,Honduras,1996,5903954
HND,Honduras,1997,6071454
HND,Honduras,1998,6234431
HND,Honduras,1999,6400463
HND,Honduras,2000,6577773
HND,Honduras,2001,6757993
HND,Honduras,2002,6938859
HND,Honduras,2003,7119213
HND,Honduras,2004,7298994
HND,Honduras,2005,7478355
HND,Honduras,2006,7656832
HND,Honduras,2007,7834798
HND,Honduras,2008,8012587
HND,Honduras,2009,8189899
HND,Honduras,2010,8365878
HND,Honduras,2011,8540583
HND,Honduras,2012,8715076
HND,Honduras,2013,8889278
HND,Honduras,2014,9063122
HND,Honduras,2015,9237305
HND,Honduras,2016,9412380
HND,Honduras,2017,9588137
HND,Honduras,2018,9765210
HND,Honduras,2019,9943633
HND,Honduras,2020,10119640
HND,Honduras,2021,10289877
HND,Honduras,2022,10463872
HND,Honduras,2023,10644851
HND,Honduras,2024,10825703
HRV,Croatia,1992,4575818
HRV,Croatia,1993,4600463
HRV,Croatia,1994,4652024
HRV,Croatia,1995,4620030
HRV,Croatia,1996,4557097
HRV,Croatia,1997,4534920
HRV,Croatia,1998,4532135
HRV,Croatia,1999,4512597
HRV,Croatia,2000,4468302
HRV,Croatia,2001,4299642
HRV,Croatia,2002,4302174
HRV,Croatia,2003,4303399
HRV,Croatia,2004,4304600
HRV,Croatia,2005,4310145
HRV,Croatia,2006,4311159
HRV,Croatia,2007,4310217
HRV,Croatia,2008,4309705
HRV,Croatia,2009,4305181
HRV,Croatia,2010,4295427
HRV,Croatia,2011,4280622
HRV,Croatia,2012,4260368
HRV,Croatia,2013,4233922
HRV,Croatia,2014,4201598
HRV,Croatia,2015,4151725
HRV,Croatia,2016,4106867
HRV,Croatia,2017,4041407
HRV,Croatia,2018,3988775
HRV,Croatia,2019,3949390
HRV,Croatia,2020,3914206
HRV,Croatia,2021,3878981
HRV,Croatia,2022,3855641
HRV,Croatia,2023,3859686
HRV,Croatia,2024,3866200
HUN,Hungary,1992,10369341
HUN,Hungary,1993,10357523
HUN,Hungary,1994,10343355
HUN,Hungary,1995,10328965
HUN,Hungary,1996,10311238
HUN,Hungary,1997,10290486
HUN,Hungary,1998,10266570
HUN,Hungary,1999,10237530
HUN,Hungary,2000,10210971
HUN,Hungary,2001,10187576
HUN,Hungary,2002,10158608
HUN,Hungary,2003,10129552
HUN,Hungary,2004,10107146
HUN,Hungary,2005,10087065
HUN,Hungary,2006,10071370
HUN,Hungary,2007,10055780
HUN,Hungary,2008,10038188
HUN,Hungary,2009,10022650
HUN,Hungary,2010,10000023
HUN,Hungary,2011,9971727
HUN,Hungary,2012,9920362
HUN,Hungary,2013,9872734
HUN,Hungary,2014,9833038
HUN,Hungary,2015,9797755
HUN,Hungary,2016,9759755
HUN,Hungary,2017,9726756
HUN,Hungary,2018,9706964
HUN,Hungary,2019,9694824
HUN,Hungary,2020,9670419
HUN,Hungary,2021,9630932
HUN,Hungary,2022,9605074
HUN,Hungary,2023,9592186
HUN,Hungary,2024,9562065
IND,India,1992,902957070
IND,India,1993,922118387
IND,India,1994,941163767
IND,India,1995,960301044
IND,India,1996,979678458
IND,India,1997,999133762
IND,India,1998,1018665080
IND,India,1999,1038225823
IND,India,2000,1057922733
IND,India,2001,1077898575
IND,India,2002,1097600380
IND,India,2003,1116803006
IND,India,2004,1135991513
IND,India,2005,1154676322
IND,India,2006,1172878890
IND,India,2007,1190676021
IND,India,2008,1207930964
IND,India,2009,1225524753
IND,India,2010,1243481564
IND,India,2011,1261224954
IND,India,2012,1278674502
IND,India,2013,1295829511
IND,India,2014,1312277191
IND,India,2015,1328024498
IND,India,2016,1343944296
IND,India,2017,1359657400
IND,India,2018,1374659064
IND,India,2019,1389030312
IND,India,2020,1402617695
IND,India,2021,1414203896
IND,India,2022,1425423212
IND,India,2023,1438069596
IND,India,2024,1450935791
IRL,Ireland,1992,3558430
IRL,Ireland,1993,3576261
IRL,Ireland,1994,3590386
IRL,Ireland,1995,3608841
IRL,Ireland,1996,3637510
IRL,Ireland,1997,3674171
IRL,Ireland,1998,3712696
IRL,Ireland,1999,3754786
IRL,Ireland,2000,3805174
IRL,Ireland,2001,3866243
IRL,Ireland,2002,3931947
IRL,Ireland,2003,3996521
IRL,Ireland,2004,4070262
IRL,Ireland,2005,4159914
IRL,Ireland,2006,4273591
IRL,Ireland,2007,4398942
IRL,Ireland,2008,4489544
IRL,Ireland,2009,4535375
IRL,Ireland,2010,4560155
IRL,Ireland,2011,4580084
IRL,Ireland,2012,4599533
IRL,Ireland,2013,4623816
IRL,Ireland,2014,4657740
IRL,Ireland,2015,4701957
IRL,Ireland,2016,4762722
IRL,Ireland,2017,4827445
IRL,Ireland,2018,4898022
IRL,Ireland,2019,4976456
IRL,Ireland,2020,5039747
IRL,Ireland,2021,5110585
IRL,Ireland,2022,5212836
IRL,Ireland,2023,5311538
IRL,Ireland,2024,5395790
IRN,"Iran, Islamic Rep.",1992,61184983
IRN,"Iran, Islamic Rep.",1993,61403543
IRN,"Iran, Islamic Rep.",1994,61520598
IRN,"Iran, Islamic Rep.",1995,62205567
IRN,"Iran, Islamic Rep.",1996,62881300
IRN,"Iran, Islamic Rep.",1997,63639638
IRN,"Iran, Islamic Rep.",1998,64519859
IRN,"Iran, Islamic Rep.",1999,65445391
IRN,"Iran, Islamic Rep.",2000,66418659
IRN,"Iran, Islamic Rep.",2001,67452005
IRN,"Iran, Islamic Rep.",2002,68011317
IRN,"Iran, Islamic Rep.",2003,68769340
IRN,"Iran, Islamic Rep.",2004,70256316
IRN,"Iran, Islamic Rep.",2005,71828455
IRN,"Iran, Islamic Rep.",2006,73392747
IRN,"Iran, Islamic Rep.",2007,74602648
IRN,"Iran, Islamic Rep.",2008,75514204
IRN,"Iran, Islamic Rep.",2009,76457825
IRN,"Iran, Islamic Rep.",2010,77420842
IRN,"Iran, Islamic Rep.",2011,78383598
IRN,"Iran, Islamic Rep.",2012,79370580
IRN,"Iran, Islamic Rep.",2013,80414686
IRN,"Iran, Islamic Rep.",2014,81502045
IRN,"Iran, Islamic Rep.",2015,82619362
IRN,"Iran, Islamic Rep.",2016,83812228
IRN,"Iran, Islamic Rep.",2017,85026754
IRN,"Iran, Islamic Rep.",2018,86117998
IRN,"Iran, Islamic Rep.",2019,87051648
IRN,"Iran, Islamic Rep.",2020,87723443
IRN,"Iran, Islamic Rep.",2021,88455488
IRN,"Iran, Islamic Rep.",2022,89524246
IRN,"Iran, Islamic Rep.",2023,90608707
IRN,"Iran, Islamic Rep.",2024,91567738
ISL,Iceland,1992,261057
ISL,Iceland,1993,263725
ISL,Iceland,1994,266021
ISL,Iceland,1995,267468
ISL,Iceland,1996,268916
ISL,Iceland,1997,271128
ISL,Iceland,1998,274047
ISL,Iceland,1999,277381
ISL,Iceland,2000,281205
ISL,Iceland,2001,284968
ISL,Iceland,2002,287523
ISL,Iceland,2003,289521
ISL,Iceland,2004,292074
ISL,Iceland,2005,296734
ISL,Iceland,2006,303782
ISL,Iceland,2007,311566
ISL,Iceland,2008,317414
ISL,Iceland,2009,318499
ISL,Iceland,2010,318041
ISL,Iceland,2011,319014
ISL,Iceland,2012,320716
ISL,Iceland,2013,323764
ISL,Iceland,2014,327386
ISL,Iceland,2015,330815
ISL,Iceland,2016,335439
ISL,Iceland,2017,343400
ISL,Iceland,2018,352721
ISL,Iceland,2019,360563
ISL,Iceland,2020,366463
ISL,Iceland,2021,372520
ISL,Iceland,2022,382003
ISL,Iceland,2023,385663
ISL,Iceland,2024,386506
ISR,Israel,1992,5123000
ISR,Israel,1993,5261000
ISR,Israel,1994,5399000
ISR,Israel,1995,5545000
ISR,Israel,1996,5692000
ISR,Israel,1997,5836000
ISR,Israel,1998,5971000
ISR,Israel,1999,6125000
ISR,Israel,2000,6289000
ISR,Israel,2001,6439000
ISR,Israel,2002,6570000
ISR,Israel,2003,6689700
ISR,Israel,2004,6809000
ISR,Israel,2005,6930100
ISR,Israel,2006,7053700
ISR,Israel,2007,7180100
ISR,Israel,2008,7308800
ISR,Israel,2009,7485600
ISR,Israel,2010,7623600
ISR,Israel,2011,7765800
ISR,Israel,2012,7910500
ISR,Israel,2013,8059500
ISR,Israel,2014,8215700
ISR,Israel,2015,8380100
ISR,Israel,2016,8546000
ISR,Israel,2017,8713300
ISR,Israel,2018,8882800
ISR,Israel,2019,9054000
ISR,Israel,2020,9215100
ISR,Israel,2021,9371400
ISR,Israel,2022,9557500
ISR,Israel,2023,9849000
ISR,Israel,2024,9974400
ITA,Italy,1992,56797087
ITA,Italy,1993,56831821
ITA,Italy,1994,56843400
ITA,Italy,1995,56844303
ITA,Italy,1996,56860281
ITA,Italy,1997,56890372
ITA,Italy,1998,56906744
ITA,Italy,1999,56916317
ITA,Italy,2000,56942108
ITA,Italy,2001,56976981
ITA,Italy,2002,57089824
ITA,Italy,2003,57399184
ITA,Italy,2004,57828179
ITA,Italy,2005,58166682
ITA,Italy,2006,58399861
ITA,Italy,2007,58756247
ITA,Italy,2008,59211181
ITA,Italy,2009,59555454
ITA,Italy,2010,59819407
ITA,Italy,2011,60026841
ITA,Italy,2012,60191247
ITA,Italy,2013,60311613
ITA,Italy,2014,60320707
ITA,Italy,2015,60229605
ITA,Italy,2016,60115223
ITA,Italy,2017,60002252
ITA,Italy,2018,60148658
ITA,Italy,2019,59729081
ITA,Italy,2020,59438851
ITA,Italy,2021,59133173
ITA,Italy,2022,59013667
ITA,Italy,2023,58984216
ITA,Italy,2024,58952704
JAM,Jamaica,1992,2424701
JAM,Jamaica,1993,2449916
JAM,Jamaica,1994,2475220
JAM,Jamaica,1995,2500151
JAM,Jamaica,1996,2524463
JAM,Jamaica,1997,2547848
JAM,Jamaica,1998,2569736
JAM,Jamaica,1999,2589795
JAM,Jamaica,2000,2607826
JAM,Jamaica,2001,2624403
JAM,Jamaica,2002,2640572
JAM,Jamaica,2003,2656623
JAM,Jamaica,2004,2672225
JAM,Jamaica,2005,2687066
JAM,Jamaica,2006,2700968
JAM,Jamaica,2007,2713800
JAM,Jamaica,2008,2725635
JAM,Jamaica,2009,2736995
JAM,Jamaica,2010,2748568
JAM,Jamaica,2011,2760494
JAM,Jamaica,2012,2772430
JAM,Jamaica,2013,2783687
JAM,Jamaica,2014,2793749
JAM,Jamaica,2015,2802534
JAM,Jamaica,2016,2809915
JAM,Jamaica,2017,2815764
JAM,Jamaica,2018,2820097
JAM,Jamaica,2019,2823271
JAM,Jamaica,2020,2830739
JAM,Jamaica,2021,2837682
JAM,Jamaica,2022,2839144
JAM,Jamaica,2023,2839786
JAM,Jamaica,2024,2839175
JPN,Japan,1992,124425000
JPN,Japan,1993,124829000
JPN,Japan,1994,125178000
JPN,Japan,1995,125472000
JPN,Japan,1996,125757000
JPN,Japan,1997,126057000
JPN,Japan,1998,126400000
JPN,Japan,1999,126631000
JPN,Japan,2000,126843000
JPN,Japan,2001,127149000
JPN,Japan,2002,127445000
JPN,Japan,2003,127718000
JPN,Japan,2004,127761000
JPN,Japan,2005,127773000
JPN,Japan,2006,127854000
JPN,Japan,2007,128001000
JPN,Japan,2008,128063000
JPN,Japan,2009,128047000
JPN,Japan,2010,128070000
JPN,Japan,2011,127833000
JPN,Japan,2012,127629000
JPN,Japan,2013,127445000
JPN,Japan,2014,127276000
JPN,Japan,2015,127141000
JPN,Japan,2016,127076000
JPN,Japan,2017,126972000
JPN,Japan,2018,126811000
JPN,Japan,2019,126633000
JPN,Japan,2020,126261000
JPN,Japan,2021,125681593
JPN,Japan,2022,125124989
JPN,Japan,2023,124516650
JPN,Japan,2024,123975371
KAZ,Kazakhstan,1992,17332625
KAZ,Kazakhstan,1993,17274487
KAZ,Kazakhstan,1994,17043771
KAZ,Kazakhstan,1995,16730536
KAZ,Kazakhstan,1996,16416027
KAZ,Kazakhstan,1997,16043251
KAZ,Kazakhstan,1998,15647785
KAZ,Kazakhstan,1999,15455874
KAZ,Kazakhstan,2000,15501103
KAZ,Kazakhstan,2001,15575550
KAZ,Kazakhstan,2002,15656677
KAZ,Kazakhstan,2003,15747380
KAZ,Kazakhstan,2004,15850159
KAZ,Kazakhstan,2005,15968117
KAZ,Kazakhstan,2006,16103716
KAZ,Kazakhstan,2007,16257214
KAZ,Kazakhstan,2008,16426525
KAZ,Kazakhstan,2009,16619846
KAZ,Kazakhstan,2010,16836810
KAZ,Kazakhstan,2011,17066002
KAZ,Kazakhstan,2012,17306106
KAZ,Kazakhstan,2013,17556502
KAZ,Kazakhstan,2014,17816285
KAZ,Kazakhstan,2015,18084169
KAZ,Kazakhstan,2016,18363600
KAZ,Kazakhstan,2017,18651931
KAZ,Kazakhstan,2018,18932727
KAZ,Kazakhstan,2019,19209555
KAZ,Kazakhstan,2020,19482117
KAZ,Kazakhstan,2021,19743603
KAZ,Kazakhstan,2022,20034609
KAZ,Kazakhstan,2023,20330104
KAZ,Kazakhstan,2024,20592571
KEN,Kenya,1992,24382460
KEN,Kenya,1993,25117188
KEN,Kenya,1994,25857130
KEN,Kenya,1995,26601751
KEN,Kenya,1996,27344211
KEN,Kenya,1997,28101768
KEN,Kenya,1998,28888057
KEN,Kenya,1999,29733408
KEN,Kenya,2000,30642890
KEN,Kenya,2001,31619170
KEN,Kenya,2002,32629808
KEN,Kenya,2003,33652223
KEN,Kenya,2004,34713455
KEN,Kenya,2005,35796484
KEN,Kenya,2006,36904008
KEN,Kenya,2007,38036349
KEN,Kenya,2008,39206351
KEN,Kenya,2009,40408891
KEN,Kenya,2010,41598567
KEN,Kenya,2011,42758461
KEN,Kenya,2012,43888303
KEN,Kenya,2013,44986791
KEN,Kenya,2014,46051440
KEN,Kenya,2015,47088526
KEN,Kenya,2016,48139687
KEN,Kenya,2017,49197766
KEN,Kenya,2018,50207107
KEN,Kenya,2019,51202827
KEN,Kenya,2020,52217334
KEN,Kenya,2021,53219166
KEN,Kenya,2022,54252461
KEN,Kenya,2023,55339003
KEN,Kenya,2024,56432944
KGZ,Kyrgyz Republic,1992,4515400
KGZ,Kyrgyz Republic,1993,4516777
KGZ,Kyrgyz Republic,1994,4515069
KGZ,Kyrgyz Republic,1995,4560454
KGZ,Kyrgyz Republic,1996,4628438
KGZ,Kyrgyz Republic,1997,4696421
KGZ,Kyrgyz Republic,1998,4769015
KGZ,Kyrgyz Republic,1999,4840422
KGZ,Kyrgyz Republic,2000,4898362
KGZ,Kyrgyz Republic,2001,4945073
KGZ,Kyrgyz Republic,2002,4990704
KGZ,Kyrgyz Republic,2003,5043308
KGZ,Kyrgyz Republic,2004,5104713
KGZ,Kyrgyz Republic,2005,5162640
KGZ,Kyrgyz Republic,2006,5218373
KGZ,Kyrgyz Republic,2007,5268385
KGZ,Kyrgyz Republic,2008,5318729
KGZ,Kyrgyz Republic,2009,5389643
KGZ,Kyrgyz Republic,2010,5467059
KGZ,Kyrgyz Republic,2011,5546587
KGZ,Kyrgyz Republic,2012,5652076
KGZ,Kyrgyz Republic,2013,5777150
KGZ,Kyrgyz Republic,2014,5905848
KGZ,Kyrgyz Republic,2015,6040036
KGZ,Kyrgyz Republic,2016,6175338
KGZ,Kyrgyz Republic,2017,6306696
KGZ,Kyrgyz Republic,2018,6444079
KGZ,Kyrgyz Republic,2019,6590211
KGZ,Kyrgyz Republic,2020,6726596
KGZ,Kyrgyz Republic,2021,6851224
KGZ,Kyrgyz Republic,2022,6975220
KGZ,Kyrgyz Republic,2023,7099750
KGZ,Kyrgyz Republic,2024,7221868
KOR,"Korea, Rep.",1992,43747962
KOR,"Korea, Rep.",1993,44194628
KOR,"Korea, Rep.",1994,44641540
KOR,"Korea, Rep.",1995,45092991
KOR,"Korea, Rep.",1996,45524681
KOR,"Korea, Rep.",1997,45953580
KOR,"Korea, Rep.",1998,46286503
KOR,"Korea, Rep.",1999,46616677
KOR,"Korea, Rep.",2000,47008111
KOR,"Korea, Rep.",2001,47370164
KOR,"Korea, Rep.",2002,47644736
KOR,"Korea, Rep.",2003,47892330
KOR,"Korea, Rep.",2004,48082519
KOR,"Korea, Rep.",2005,48184561
KOR,"Korea, Rep.",2006,48438292
KOR,"Korea, Rep.",2007,48683638
KOR,"Korea, Rep.",2008,49054708
KOR,"Korea, Rep.",2009,49307835
KOR,"Korea, Rep.",2010,49554112
KOR,"Korea, Rep.",2011,49936638
KOR,"Korea, Rep.",2012,50199853
KOR,"Korea, Rep.",2013,50428893
KOR,"Korea, Rep.",2014,50746659
KOR,"Korea, Rep.",2015,51014947
KOR,"Korea, Rep.",2016,51217803
KOR,"Korea, Rep.",2017,51361911
KOR,"Korea, Rep.",2018,51585058
KOR,"Korea, Rep.",2019,51764822
KOR,"Korea, Rep.",2020,51836239
KOR,"Korea, Rep.",2021,51769539
KOR,"Korea, Rep.",2022,51672569
KOR,"Korea, Rep.",2023,51712619
KOR,"Korea, Rep.",2024,51751065
LIE,Liechtenstein,1992,29627
LIE,Liechtenstein,1993,30089
LIE,Liechtenstein,1994,30470
LIE,Liechtenstein,1995,30776
LIE,Liechtenstein,1996,31033
LIE,Liechtenstein,1997,31232
LIE,Liechtenstein,1998,31668
LIE,Liechtenstein,1999,32221
LIE,Liechtenstein,2000,32645
LIE,Liechtenstein,2001,33194
LIE,Liechtenstein,2002,33694
LIE,Liechtenstein,2003,34079
LIE,Liechtenstein,2004,34447
LIE,Liechtenstein,2005,34753
LIE,Liechtenstein,2006,35037
LIE,Liechtenstein,2007,35262
LIE,Liechtenstein,2008,35473
LIE,Liechtenstein,2009,35742
LIE,Liechtenstein,2010,36022
LIE,Liechtenstein,2011,36312
LIE,Liechtenstein,2012,36657
LIE,Liechtenstein,2013,36984
LIE,Liechtenstein,2014,37248
LIE,Liechtenstein,2015,37494
LIE,Liechtenstein,2016,37716
LIE,Liechtenstein,2017,37962
LIE,Liechtenstein,2018,38246
LIE,Liechtenstein,2019,38563
LIE,Liechtenstein,2020,38901
LIE,Liechtenstein,2021,39182
LIE,Liechtenstein,2022,39493
LIE,Liechtenstein,2023,39846
LIE,Liechtenstein,2024,40450
LTU,Lithuania,1992,3700114
LTU,Lithuania,1993,3682613
LTU,Lithuania,1994,3657144
LTU,Lithuania,1995,3629102
LTU,Lithuania,1996,3601613
LTU,Lithuania,1997,3575137
LTU,Lithuania,1998,3549331
LTU,Lithuania,1999,3524238
LTU,Lithuania,2000,3499536
LTU,Lithuania,2001,3470818
LTU,Lithuania,2002,3443067
LTU,Lithuania,2003,3415213
LTU,Lithuania,2004,3377075
LTU,Lithuania,2005,3322528
LTU,Lithuania,2006,3269909
LTU,Lithuania,2007,3231294
LTU,Lithuania,2008,3198231
LTU,Lithuania,2009,3162916
LTU,Lithuania,2010,3097282
LTU,Lithuania,2011,3028115
LTU,Lithuania,2012,2989139
LTU,Lithuania,2013,2961250
LTU,Lithuania,2014,2937253
LTU,Lithuania,2015,2911109
LTU,Lithuania,2016,2877325
LTU,Lithuania,2017,2842639
LTU,Lithuania,2018,2819200
LTU,Lithuania,2019,2811089
LTU,Lithuania,2020,2810369
LTU,Lithuania,2021,2808380
LTU,Lithuania,2022,2831639
LTU,Lithuania,2023,2871585
LTU,Lithuania,2024,2888278
LUX,Luxembourg,1992,392175
LUX,Luxembourg,1993,397475
LUX,Luxembourg,1994,402925
LUX,Luxembourg,1995,408625
LUX,Luxembourg,1996,414225
LUX,Luxembourg,1997,419450
LUX,Luxembourg,1998,424700
LUX,Luxembourg,1999,430475
LUX,Luxembourg,2000,436300
LUX,Luxembourg,2001,441525
LUX,Luxembourg,2002,446175
LUX,Luxembourg,2003,451630
LUX,Luxembourg,2004,458095
LUX,Luxembourg,2005,465158
LUX,Luxembourg,2006,472637
LUX,Luxembourg,2007,479993
LUX,Luxembourg,2008,488650
LUX,Luxembourg,2009,497783
LUX,Luxembourg,2010,506953
LUX,Luxembourg,2011,518347
LUX,Luxembourg,2012,530946
LUX,Luxembourg,2013,543360
LUX,Luxembourg,2014,556319
LUX,Luxembourg,2015,569604
LUX,Luxembourg,2016,582014
LUX,Luxembourg,2017,596336
LUX,Luxembourg,2018,607950
LUX,Luxembourg,2019,620001
LUX,Luxembourg,2020,630419
LUX,Luxembourg,2021,640064
LUX,Luxembourg,2022,653103
LUX,Luxembourg,2023,666430
LUX,Luxembourg,2024,677012
LVA,Latvia,1992,2614338
LVA,Latvia,1993,2563290
LVA,Latvia,1994,2520742
LVA,Latvia,1995,2485056
LVA,Latvia,1996,2457222
LVA,Latvia,1997,2432851
LVA,Latvia,1998,2410019
LVA,Latvia,1999,2390482
LVA,Latvia,2000,2367550
LVA,Latvia,2001,2337170
LVA,Latvia,2002,2310173
LVA,Latvia,2003,2287955
LVA,Latvia,2004,2263122
LVA,Latvia,2005,2238799
LVA,Latvia,2006,2218357
LVA,Latvia,2007,2200325
LVA,Latvia,2008,2177322
LVA,Latvia,2009,2141669
LVA,Latvia,2010,2097555
LVA,Latvia,2011,2059709
LVA,Latvia,2012,2034319
LVA,Latvia,2013,2012647
LVA,Latvia,2014,1993782
LVA,Latvia,2015,1977527
LVA,Latvia,2016,1959537
LVA,Latvia,2017,1942248
LVA,Latvia,2018,1927174
LVA,Latvia,2019,1913822
LVA,Latvia,2020,1900449
LVA,Latvia,2021,1884490
LVA,Latvia,2022,1879383
LVA,Latvia,2023,1883710
LVA,Latvia,2024,1866124
MAR,Morocco,1992,25212468
MAR,Morocco,1993,25614586
MAR,Morocco,1994,26000822
MAR,Morocco,1995,26399429
MAR,Morocco,1996,26808107
MAR,Morocco,1997,27213337
MAR,Morocco,1998,27621648
MAR,Morocco,1999,28027179
MAR,Morocco,2000,28423435
MAR,Morocco,2001,28814643
MAR,Morocco,2002,29198142
MAR,Morocco,2003,29571415
MAR,Morocco,2004,29953018
MAR,Morocco,2005,30358144
MAR,Morocco,2006,30771178
MAR,Morocco,2007,31186468
MAR,Morocco,2008,31606767
MAR,Morocco,2009,32030778
MAR,Morocco,2010,32467016
MAR,Morocco,2011,32912588
MAR,Morocco,2012,33355241
MAR,Morocco,2013,33787571
MAR,Morocco,2014,34204780
MAR,Morocco,2015,34607588
MAR,Morocco,2016,35023457
MAR,Morocco,2017,35446392
MAR,Morocco,2018,35839760
MAR,Morocco,2019,36210898
MAR,Morocco,2020,36584208
MAR,Morocco,2021,36954442
MAR,Morocco,2022,37329064
MAR,Morocco,2023,37712505
MAR,Morocco,2024,38081173
MDA,Moldova,1992,2980965
MDA,Moldova,1993,2975966
MDA,Moldova,1994,2966745
MDA,Moldova,1995,2953200
MDA,Moldova,1996,2947293
MDA,Moldova,1997,2936413
MDA,Moldova,1998,2935227
MDA,Moldova,1999,2930622
MDA,Moldova,2000,2924668
MDA,Moldova,2001,2918135
MDA,Moldova,2002,2911385
MDA,Moldova,2003,2903198
MDA,Moldova,2004,2896023
MDA,Moldova,2005,2888985
MDA,Moldova,2006,2880967
MDA,Moldova,2007,2874299
MDA,Moldova,2008,2868833
MDA,Moldova,2009,2865213
MDA,Moldova,2010,2862354
MDA,Moldova,2011,2860699
MDA,Moldova,2012,2860324
MDA,Moldova,2013,2859558
MDA,Moldova,2014,2857815
MDA,Moldova,2015,2835978
MDA,Moldova,2016,2803186
MDA,Moldova,2017,2755189
MDA,Moldova,2018,2707203
MDA,Moldova,2019,2664224
MDA,Moldova,2020,2635130
MDA,Moldova,2021,2595809
MDA,Moldova,2022,2528654
MDA,Moldova,2023,2457783
MDA,Moldova,2024,2402306
MEX,Mexico,1992,86044809
MEX,Mexico,1993,87653807
MEX,Mexico,1994,89259205
MEX,Mexico,1995,90862455
MEX,Mexico,1996,92452702
MEX,Mexico,1997,94021207
MEX,Mexico,1998,95575245
MEX,Mexico,1999,97115707
MEX,Mexico,2000,98625552
MEX,Mexico,2001,100099099
MEX,Mexico,2002,101548624
MEX,Mexico,2003,102978515
MEX,Mexico,2004,104394131
MEX,Mexico,2005,105811504
MEX,Mexico,2006,107253666
MEX,Mexico,2007,108774360
MEX,Mexico,2008,110374288
MEX,Mexico,2009,111999721
MEX,Mexico,2010,113623895
MEX,Mexico,2011,115243504
MEX,Mexico,2012,116818208
MEX,Mexico,2013,118343573
MEX,Mexico,2014,119784261
MEX,Mexico,2015,121072306
MEX,Mexico,2016,122251351
MEX,Mexico,2017,123400057
MEX,Mexico,2018,124573711
MEX,Mexico,2019,125762982
MEX,Mexico,2020,126799054
MEX,Mexico,2021,127648148
MEX,Mexico,2022,128613117
MEX,Mexico,2023,129739759
MEX,Mexico,2024,130861007
MKD,North Macedonia,1992,2032523
MKD,North Macedonia,1993,2006854
MKD,North Macedonia,1994,1992666
MKD,North Macedonia,1995,1998534
MKD,North Macedonia,1996,2012553
MKD,North Macedonia,1997,1996869
MKD,North Macedonia,1998,2007523
MKD,North Macedonia,1999,2017142
MKD,North Macedonia,2000,2026350
MKD,North Macedonia,2001,2034882
MKD,North Macedonia,2002,2020157
MKD,North Macedonia,2003,2022725
MKD,North Macedonia,2004,2016186
MKD,North Macedonia,2005,2005330
MKD,North Macedonia,2006,1994287
MKD,North Macedonia,2007,1982933
MKD,North Macedonia,2008,1971493
MKD,North Macedonia,2009,1958782
MKD,North Macedonia,2010,1946298
MKD,North Macedonia,2011,1937398
MKD,North Macedonia,2012,1929821
MKD,North Macedonia,2013,1922716
MKD,North Macedonia,2014,1917557
MKD,North Macedonia,2015,1912430
MKD,North Macedonia,2016,1906313
MKD,North Macedonia,2017,1898657
MKD,North Macedonia,2018,1889051
MKD,North Macedonia,2019,1876262
MKD,North Macedonia,2020,1856124
MKD,North Macedonia,2021,1837114
MKD,North Macedonia,2022,1831712
MKD,North Macedonia,2023,1827816
MKD,North Macedonia,2024,1824359
MLT,Malta,1992,367618
MLT,Malta,1993,371308
MLT,Malta,1994,374797
MLT,Malta,1995,377419
MLT,Malta,1996,379905
MLT,Malta,1997,382791
MLT,Malta,1998,385287
MLT,Malta,1999,387578
MLT,Malta,2000,390087
MLT,Malta,2001,393028
MLT,Malta,2002,395969
MLT,Malta,2003,398582
MLT,Malta,2004,401268
MLT,Malta,2005,403834
MLT,Malta,2006,405308
MLT,Malta,2007,406724
MLT,Malta,2008,409379
MLT,Malta,2009,412477
MLT,Malta,2010,414508
MLT,Malta,2011,416268
MLT,Malta,2012,420028
MLT,Malta,2013,424810
MLT,Malta,2014,433481
MLT,Malta,2015,444220
MLT,Malta,2016,454505
MLT,Malta,2017,467106
MLT,Malta,2018,483903
MLT,Malta,2019,503912
MLT,Malta,2020,515490
MLT,Malta,2021,518150
MLT,Malta,2022,531113
MLT,Malta,2023,552747
MLT,Malta,2024,568847
MNE,Montenegro,1992,608516
MNE,Montenegro,1993,610170
MNE,Montenegro,1994,611389
MNE,Montenegro,1995,611712
MNE,Montenegro,1996,611003
MNE,Montenegro,1997,609520
MNE,Montenegro,1998,607662
MNE,Montenegro,1999,606001
MNE,Montenegro,2000,604950
MNE,Montenegro,2001,607389
MNE,Montenegro,2002,609828
MNE,Montenegro,2003,612267
MNE,Montenegro,2004,613353
MNE,Montenegro,2005,614261
MNE,Montenegro,2006,615025
MNE,Montenegro,2007,615875
MNE,Montenegro,2008,616969
MNE,Montenegro,2009,618294
MNE,Montenegro,2010,619428
MNE,Montenegro,2011,620345
MNE,Montenegro,2012,621418
MNE,Montenegro,2013,622587
MNE,Montenegro,2014,623744
MNE,Montenegro,2015,624651
MNE,Montenegro,2016,625353
MNE,Montenegro,2017,625982
MNE,Montenegro,2018,626438
MNE,Montenegro,2019,626753
MNE,Montenegro,2020,626590
MNE,Montenegro,2021,625053
MNE,Montenegro,2022,623591
MNE,Montenegro,2023,623529
MNE,Montenegro,2024,623525
MNG,Mongolia,1992,2167790
MNG,Mongolia,1993,2165130
MNG,Mongolia,1994,2189395
MNG,Mongolia,1995,2224945
MNG,Mongolia,1996,2259507
MNG,Mongolia,1997,2291750
MNG,Mongolia,1998,2323809
MNG,Mongolia,1999,2356813
MNG,Mongolia,2000,2388299
MNG,Mongolia,2001,2417751
MNG,Mongolia,2002,2449027
MNG,Mongolia,2003,2480374
MNG,Mongolia,2004,2508412
MNG,Mongolia,2005,2536407
MNG,Mongolia,2006,2567168
MNG,Mongolia,2007,2601850
MNG,Mongolia,2008,2643201
MNG,Mongolia,2009,2691115
MNG,Mongolia,2010,2738622
MNG,Mongolia,2011,2786317
MNG,Mongolia,2012,2839705
MNG,Mongolia,2013,2899011
MNG,Mongolia,2014,2963113
MNG,Mongolia,2015,3026864
MNG,Mongolia,2016,3088856
MNG,Mongolia,2017,3148917
MNG,Mongolia,2018,3208189
MNG,Mongolia,2019,3267673
MNG,Mongolia,2020,3327204
MNG,Mongolia,2021,3383741
MNG,Mongolia,2022,3433748
MNG,Mongolia,2023,3481145
MNG,Mongolia,2024,3524788
NLD,Netherlands,1992,15184166
NLD,Netherlands,1993,15290368
NLD,Netherlands,1994,15382838
NLD,Netherlands,1995,15459006
NLD,Netherlands,1996,15530498
NLD,Netherlands,1997,15610650
NLD,Netherlands,1998,15707209
NLD,Netherlands,1999,15812088
NLD,Netherlands,2000,15925513
NLD,Netherlands,2001,16046180
NLD,Netherlands,2002,16148929
NLD,Netherlands,2003,16225302
NLD,Netherlands,2004,16281779
NLD,Netherlands,2005,16319868
NLD,Netherlands,2006,16346101
NLD,Netherlands,2007,16381696
NLD,Netherlands,2008,16445593
NLD,Netherlands,2009,16530388
NLD,Netherlands,2010,16615394
NLD,Netherlands,2011,16693074
NLD,Netherlands,2012,16754962
NLD,Netherlands,2013,16804432
NLD,Netherlands,2014,16865008
NLD,Netherlands,2015,16939923
NLD,Netherlands,2016,17030314
NLD,Netherlands,2017,17131296
NLD,Netherlands,2018,17231624
NLD,Netherlands,2019,17344874
NLD,Netherlands,2020,17441500
NLD,Netherlands,2021,17533044
NLD,Netherlands,2022,17700982
NLD,Netherlands,2023,17877117
NLD,Netherlands,2024,17993485
NOR,Norway,1992,4286401
NOR,Norway,1993,4311991
NOR,Norway,1994,4336613
NOR,Norway,1995,4359184
NOR,Norway,1996,4381336
NOR,Norway,1997,4405157
NOR,Norway,1998,4431464
NOR,Norway,1999,4461913
NOR,Norway,2000,4490967
NOR,Norway,2001,4513751
NOR,Norway,2002,4538159
NOR,Norway,2003,4564855
NOR,Norway,2004,4591910
NOR,Norway,2005,4623291
NOR,Norway,2006,4660677
NOR,Norway,2007,4709153
NOR,Norway,2008,4768212
NOR,Norway,2009,4828726
NOR,Norway,2010,4889252
NOR,Norway,2011,4953088
NOR,Norway,2012,5018573
NOR,Norway,2013,5079623
NOR,Norway,2014,5137232
NOR,Norway,2015,5188607
NOR,Norway,2016,5234519
NOR,Norway,2017,5276968
NOR,Norway,2018,5311916
NOR,Norway,2019,5347896
NOR,Norway,2020,5379475
NOR,Norway,2021,5408320
NOR,Norway,2022,5457127
NOR,Norway,2023,5519601
NOR,Norway,2024,5572279
NZL,New Zealand,1992,3531700
NZL,New Zealand,1993,3572200
NZL,New Zealand,1994,3620000
NZL,New Zealand,1995,3673400
NZL,New Zealand,1996,3732000
NZL,New Zealand,1997,3781300
NZL,New Zealand,1998,3815000
NZL,New Zealand,1999,3835100
NZL,New Zealand,2000,3857700
NZL,New Zealand,2001,3880500
NZL,New Zealand,2002,3948500
NZL,New Zealand,2003,4027200
NZL,New Zealand,2004,4087500
NZL,New Zealand,2005,4133900
NZL,New Zealand,2006,4184600
NZL,New Zealand,2007,4223800
NZL,New Zealand,2008,4259800
NZL,New Zealand,2009,4302600
NZL,New Zealand,2010,4350700
NZL,New Zealand,2011,4384000
NZL,New Zealand,2012,4408100
NZL,New Zealand,2013,4442100
NZL,New Zealand,2014,4516500
NZL,New Zealand,2015,4609400
NZL,New Zealand,2016,4714100
NZL,New Zealand,2017,4813600
NZL,New Zealand,2018,4900600
NZL,New Zealand,2019,4970300
NZL,New Zealand,2020,5072400
NZL,New Zealand,2021,5084600
NZL,New Zealand,2022,5081700
NZL,New Zealand,2023,5200000
NZL,New Zealand,2024,5287500
PAK,Pakistan,1992,123546848
PAK,Pakistan,1993,127020117
PAK,Pakistan,1994,130748083
PAK,Pakistan,1995,134582253
PAK,Pakistan,1996,138557092
PAK,Pakistan,1997,142531804
PAK,Pakistan,1998,146522356
PAK,Pakistan,1999,150565377
PAK,Pakistan,2000,154879127
PAK,Pakistan,2001,159270907
PAK,Pakistan,2002,163222549
PAK,Pakistan,2003,167110248
PAK,Pakistan,2004,171286000
PAK,Pakistan,2005,175453212
PAK,Pakistan,2006,179682690
PAK,Pakistan,2007,184493231
PAK,Pakistan,2008,189499113
PAK,Pakistan,2009,194376534
PAK,Pakistan,2010,199239047
PAK,Pakistan,2011,203746065
PAK,Pakistan,2012,207667125
PAK,Pakistan,2013,211073978
PAK,Pakistan,2014,214264647
PAK,Pakistan,2015,217290883
PAK,Pakistan,2016,220138869
PAK,Pakistan,2017,223273967
PAK,Pakistan,2018,226928892
PAK,Pakistan,2019,230800899
PAK,Pakistan,2020,235001746
PAK,Pakistan,2021,239477801
PAK,Pakistan,2022,243700667
PAK,Pakistan,2023,247504495
PAK,Pakistan,2024,251269164
PER,Peru,1992,22946340
PER,Peru,1993,23413783
PER,Peru,1994,23881493
PER,Peru,1995,24348919
PER,Peru,1996,24811171
PER,Peru,1997,25274147
PER,Peru,1998,25738095
PER,Peru,1999,26186504
PER,Peru,2000,26598331
PER,Peru,2001,26964601
PER,Peru,2002,27288217
PER,Peru,2003,27580490
PER,Peru,2004,27852190
PER,Peru,2005,28101180
PER,Peru,2006,28324491
PER,Peru,2007,28530699
PER,Peru,2008,28719041
PER,Peru,2009,28896811
PER,Peru,2010,29086019
PER,Peru,2011,29304086
PER,Peru,2012,29550366
PER,Peru,2013,29817919
PER,Peru,2014,30115826
PER,Peru,2015,30457600
PER,Peru,2016,30866494
PER,Peru,2017,31324637
PER,Peru,2018,31897584
PER,Peru,2019,32449303
PER,Peru,2020,32838579
PER,Peru,2021,33155882
PER,Peru,2022,33475438
PER,Peru,2023,33845617
PER,Peru,2024,34217848
PHL,Philippines,1992,65926125
PHL,Philippines,1993,67530621
PHL,Philippines,1994,69019291
PHL,Philippines,1995,70546246
PHL,Philippines,1996,72190242
PHL,Philippines,1997,73908810
PHL,Philippines,1998,75791024
PHL,Philippines,1999,77753257
PHL,Philippines,2000,79625397
PHL,Philippines,2001,81401488
PHL,Philippines,2002,83068889
PHL,Philippines,2003,84731835
PHL,Philippines,2004,86394504
PHL,Philippines,2005,88015962
PHL,Philippines,2006,89508986
PHL,Philippines,2007,91075184
PHL,Philippines,2008,92699095
PHL,Philippines,2009,94384250
PHL,Philippines,2010,96337125
PHL,Philippines,2011,98248614
PHL,Philippines,2012,100175512
PHL,Philippines,2013,102076336
PHL,Philippines,2014,103767130
PHL,Philippines,2015,105312992
PHL,Philippines,2016,106735719
PHL,Philippines,2017,108119693
PHL,Philippines,2018,109465287
PHL,Philippines,2019,110804683
PHL,Philippines,2020,112081264
PHL,Philippines,2021,113100950
PHL,Philippines,2022,113964338
PHL,Philippines,2023,114891199
PHL,Philippines,2024,115843670
POL,Poland,1992,38363667
POL,Poland,1993,38461408
POL,Poland,1994,38542652
POL,Poland,1995,38594998
POL,Poland,1996,38624370
POL,Poland,1997,38649660
POL,Poland,1998,38663481
POL,Poland,1999,38660271
POL,Poland,2000,38258629
POL,Poland,2001,38248076
POL,Poland,2002,38230364
POL,Poland,2003,38204570
POL,Poland,2004,38182222
POL,Poland,2005,38165445
POL,Poland,2006,38141267
POL,Poland,2007,38120560
POL,Poland,2008,38125759
POL,Poland,2009,38151603
POL,Poland,2010,38042794
POL,Poland,2011,38063255
POL,Poland,2012,38063164
POL,Poland,2013,38040196
POL,Poland,2014,38011735
POL,Poland,2015,37986412
POL,Poland,2016,37970087
POL,Poland,2017,37974826
POL,Poland,2018,37974750
POL,Poland,2019,37965475
POL,Poland,2020,37515748
POL,Poland,2021,36981559
POL,Poland,2022,36821749
POL,Poland,2023,36687353
POL,Poland,2024,36559233
PRI,Puerto Rico (US),1992,3585176
PRI,Puerto Rico (US),1993,3615497
PRI,Puerto Rico (US),1994,3649237
PRI,Puerto Rico (US),1995,3683103
PRI,Puerto Rico (US),1996,3724655
PRI,Puerto Rico (US),1997,3759430
PRI,Puerto Rico (US),1998,3781101
PRI,Puerto Rico (US),1999,3800081
PRI,Puerto Rico (US),2000,3810605
PRI,Puerto Rico (US),2001,3818774
PRI,Puerto Rico (US),2002,3823701
PRI,Puerto Rico (US),2003,3826095
PRI,Puerto Rico (US),2004,3826878
PRI,Puerto Rico (US),2005,3821362
PRI,Puerto Rico (US),2006,3805214
PRI,Puerto Rico (US),2007,3782995
PRI,Puerto Rico (US),2008,3760866
PRI,Puerto Rico (US),2009,3740410
PRI,Puerto Rico (US),2010,3724465
PRI,Puerto Rico (US),2011,3693464
PRI,Puerto Rico (US),2012,3661045
PRI,Puerto Rico (US),2013,3631427
PRI,Puerto Rico (US),2014,3585017
PRI,Puerto Rico (US),2015,3535167
PRI,Puerto Rico (US),2016,3480432
PRI,Puerto Rico (US),2017,3410837
PRI,Puerto Rico (US),2018,3290690
PRI,Puerto Rico (US),2019,3302691
PRI,Puerto Rico (US),2020,3281590
PRI,Puerto Rico (US),2021,3262711
PRI,Puerto Rico (US),2022,3220137
PRI,Puerto Rico (US),2023,3203792
PRI,Puerto Rico (US),2024,3203295
PRK,"Korea, Dem. People's Rep.",1992,21750911
PRK,"Korea, Dem. People's Rep.",1993,22073352
PRK,"Korea, Dem. People's Rep.",1994,22393975
PRK,"Korea, Dem. People's Rep.",1995,22669304
PRK,"Korea, Dem. People's Rep.",1996,22895746
PRK,"Korea, Dem. People's Rep.",1997,23110830
PRK,"Korea, Dem. People's Rep.",1998,23311564
PRK,"Korea, Dem. People's Rep.",1999,23497599
PRK,"Korea, Dem. People's Rep.",2000,23665910
PRK,"Korea, Dem. People's Rep.",2001,23815358
PRK,"Korea, Dem. People's Rep.",2002,23943973
PRK,"Korea, Dem. People's Rep.",2003,24090380
PRK,"Korea, Dem. People's Rep.",2004,24254943
PRK,"Korea, Dem. People's Rep.",2005,24396433
PRK,"Korea, Dem. People's Rep.",2006,24524507
PRK,"Korea, Dem. People's Rep.",2007,24646383
PRK,"Korea, Dem. People's Rep.",2008,24764618
PRK,"Korea, Dem. People's Rep.",2009,24878332
PRK,"Korea, Dem. People's Rep.",2010,24987258
PRK,"Korea, Dem. People's Rep.",2011,25097874
PRK,"Korea, Dem. People's Rep.",2012,25211728
PRK,"Korea, Dem. People's Rep.",2013,25329451
PRK,"Korea, Dem. People's Rep.",2014,25451262
PRK,"Korea, Dem. People's Rep.",2015,25575350
PRK,"Korea, Dem. People's Rep.",2016,25698326
PRK,"Korea, Dem. People's Rep.",2017,25817709
PRK,"Korea, Dem. People's Rep.",2018,25931147
PRK,"Korea, Dem. People's Rep.",2019,26037632
PRK,"Korea, Dem. People's Rep.",2020,26136312
PRK,"Korea, Dem. People's Rep.",2021,26232534
PRK,"Korea, Dem. People's Rep.",2022,26328845
PRK,"Korea, Dem. People's Rep.",2023,26418204
PRK,"Korea, Dem. People's Rep.",2024,26498823
PRT,Portugal,1992,9952494
PRT,Portugal,1993,9964675
PRT,Portugal,1994,9991525
PRT,Portugal,1995,10026176
PRT,Portugal,1996,10063945
PRT,Portugal,1997,10108977
PRT,Portugal,1998,10160196
PRT,Portugal,1999,10217828
PRT,Portugal,2000,10289898
PRT,Portugal,2001,10362722
PRT,Portugal,2002,10419631
PRT,Portugal,2003,10458821
PRT,Portugal,2004,10483861
PRT,Portugal,2005,10503330
PRT,Portugal,2006,10522288
PRT,Portugal,2007,10542964
PRT,Portugal,2008,10558177
PRT,Portugal,2009,10568247
PRT,Portugal,2010,10573100
PRT,Portugal,2011,10557560
PRT,Portugal,2012,10514844
PRT,Portugal,2013,10457295
PRT,Portugal,2014,10401062
PRT,Portugal,2015,10358076
PRT,Portugal,2016,10325452
PRT,Portugal,2017,10300300
PRT,Portugal,2018,10283822
PRT,Portugal,2019,10286263
PRT,Portugal,2020,10297081
PRT,Portugal,2021,10361831
PRT,Portugal,2022,10434332
PRT,Portugal,2023,10578174
PRT,Portugal,2024,10694681
PRY,Paraguay,1992,4253600
PRY,Paraguay,1993,4362696
PRY,Paraguay,1994,4471417
PRY,Paraguay,1995,4579806
PRY,Paraguay,1996,4687543
PRY,Paraguay,1997,4794412
PRY,Paraguay,1998,4900025
PRY,Paraguay,1999,5003135
PRY,Paraguay,2000,5100868
PRY,Paraguay,2001,5187689
PRY,Paraguay,2002,5261328
PRY,Paraguay,2003,5326436
PRY,Paraguay,2004,5388175
PRY,Paraguay,2005,5448097
PRY,Paraguay,2006,5505148
PRY,Paraguay,2007,5559386
PRY,Paraguay,2008,5613574
PRY,Paraguay,2009,5671236
PRY,Paraguay,2010,5737971
PRY,Paraguay,2011,5814626
PRY,Paraguay,2012,5897008
PRY,Paraguay,2013,5982445
PRY,Paraguay,2014,6069811
PRY,Paraguay,2015,6159103
PRY,Paraguay,2016,6249126
PRY,Paraguay,2017,6338660
PRY,Paraguay,2018,6427382
PRY,Paraguay,2019,6515058
PRY,Paraguay,2020,6603739
PRY,Paraguay,2021,6684182
PRY,Paraguay,2022,6760464
PRY,Paraguay,2023,6844146
PRY,Paraguay,2024,6929153
ROU,Romania,1992,22794284
ROU,Romania,1993,22763280
ROU,Romania,1994,22730211
ROU,Romania,1995,22684270
ROU,Romania,1996,22619004
ROU,Romania,1997,22553978
ROU,Romania,1998,22507344
ROU,Romania,1999,22472040
ROU,Romania,2000,22442971
ROU,Romania,2001,22131970
ROU,Romania,2002,21730496
ROU,Romania,2003,21574326
ROU,Romania,2004,21451748
ROU,Romania,2005,21319685
ROU,Romania,2006,21193760
ROU,Romania,2007,20882982
ROU,Romania,2008,20537875
ROU,Romania,2009,20367487
ROU,Romania,2010,20246871
ROU,Romania,2011,20147528
ROU,Romania,2012,20058035
ROU,Romania,2013,19983693
ROU,Romania,2014,19908979
ROU,Romania,2015,19815616
ROU,Romania,2016,19702267
ROU,Romania,2017,19588715
ROU,Romania,2018,19473970
ROU,Romania,2019,19371648
ROU,Romania,2020,19265250
ROU,Romania,2021,19122059
ROU,Romania,2022,19048502
ROU,Romania,2023,19061062
ROU,Romania,2024,19051804
RUS,Russian Federation,1992,148538197
RUS,Russian Federation,1993,148458777
RUS,Russian Federation,1994,148407912
RUS,Russian Federation,1995,148375787
RUS,Russian Federation,1996,148160129
RUS,Russian Federation,1997,147915361
RUS,Russian Federation,1998,147670784
RUS,Russian Federation,1999,147214776
RUS,Russian Federation,2000,146596869
RUS,Russian Federation,2001,145976482
RUS,Russian Federation,2002,145306497
RUS,Russian Federation,2003,144648618
RUS,Russian Federation,2004,144067316
RUS,Russian Federation,2005,143518814
RUS,Russian Federation,2006,143049637
RUS,Russian Federation,2007,142805114
RUS,Russian Federation,2008,142742366
RUS,Russian Federation,2009,142785348
RUS,Russian Federation,2010,142849468
RUS,Russian Federation,2011,143018195
RUS,Russian Federation,2012,143378447
RUS,Russian Federation,2013,143805638
RUS,Russian Federation,2014,144237223
RUS,Russian Federation,2015,144640716
RUS,Russian Federation,2016,145015460
RUS,Russian Federation,2017,145293260
RUS,Russian Federation,2018,145398106
RUS,Russian Federation,2019,145453291
RUS,Russian Federation,2020,145245148
RUS,Russian Federation,2021,144746762
RUS,Russian Federation,2022,144236933
RUS,Russian Federation,2023,143826130
RUS,Russian Federation,2024,143533851
SEN,Senegal,1992,8168395
SEN,Senegal,1993,8396288
SEN,Senegal,1994,8624078
SEN,Senegal,1995,8848101
SEN,Senegal,1996,9067014
SEN,Senegal,1997,9283495
SEN,Senegal,1998,9502952
SEN,Senegal,1999,9730887
SEN,Senegal,2000,9968260
SEN,Senegal,2001,10212942
SEN,Senegal,2002,10466214
SEN,Senegal,2003,10721176
SEN,Senegal,2004,10975704
SEN,Senegal,2005,11235472
SEN,Senegal,2006,11500094
SEN,Senegal,2007,11770344
SEN,Senegal,2008,12048959
SEN,Senegal,2009,12337389
SEN,Senegal,2010,12635413
SEN,Senegal,2011,12958897
SEN,Senegal,2012,13310495
SEN,Senegal,2013,13710849
SEN,Senegal,2014,14152102
SEN,Senegal,2015,14593331
SEN,Senegal,2016,15034521
SEN,Senegal,2017,15475002
SEN,Senegal,2018,15914498
SEN,Senegal,2019,16352922
SEN,Senegal,2020,16789219
SEN,Senegal,2021,17220867
SEN,Senegal,2022,17651103
SEN,Senegal,2023,18077573
SEN,Senegal,2024,18501984
SMR,San Marino,1992,24125
SMR,San Marino,1993,24472
SMR,San Marino,1994,24823
SMR,San Marino,1995,25158
SMR,San Marino,1996,25482
SMR,San Marino,1997,25800
SMR,San Marino,1998,26125
SMR,San Marino,1999,26459
SMR,San Marino,2000,26799
SMR,San Marino,2001,27143
SMR,San Marino,2002,27491
SMR,San Marino,2003,27843
SMR,San Marino,2004,29457
SMR,San Marino,2005,29836
SMR,San Marino,2006,30184
SMR,San Marino,2007,31211
SMR,San Marino,2008,31662
SMR,San Marino,2009,33066
SMR,San Marino,2010,33270
SMR,San Marino,2011,32620
SMR,San Marino,2012,33469
SMR,San Marino,2013,33041
SMR,San Marino,2014,32655
SMR,San Marino,2015,32897
SMR,San Marino,2016,33101
SMR,San Marino,2017,33825
SMR,San Marino,2018,34522
SMR,San Marino,2019,34663
SMR,San Marino,2020,34770
SMR,San Marino,2021,34252
SMR,San Marino,2022,33755
SMR,San Marino,2023,33860
SMR,San Marino,2024,33977
SRB,Serbia,1992,7604063
SRB,Serbia,1993,7614328
SRB,Serbia,1994,7622711
SRB,Serbia,1995,7628264
SRB,Serbia,1996,7622185
SRB,Serbia,1997,7598538
SRB,Serbia,1998,7567745
SRB,Serbia,1999,7540401
SRB,Serbia,2000,7516346
SRB,Serbia,2001,7503433
SRB,Serbia,2002,7500031
SRB,Serbia,2003,7480591
SRB,Serbia,2004,7463157
SRB,Serbia,2005,7440769
SRB,Serbia,2006,7411569
SRB,Serbia,2007,7381579
SRB,Serbia,2008,7350222
SRB,Serbia,2009,7320807
SRB,Serbia,2010,7291436
SRB,Serbia,2011,7236519
SRB,Serbia,2012,7201497
SRB,Serbia,2013,7166553
SRB,Serbia,2014,7131787
SRB,Serbia,2015,7095383
SRB,Serbia,2016,7058322
SRB,Serbia,2017,7020858
SRB,Serbia,2018,6982604
SRB,Serbia,2019,6945235
SRB,Serbia,2020,6899126
SRB,Serbia,2021,6834326
SRB,Serbia,2022,6664449
SRB,Serbia,2023,6623183
SRB,Serbia,2024,6586476
SVK,Slovak Republic,1992,5305016
SVK,Slovak Republic,1993,5325305
SVK,Slovak Republic,1994,5346331
SVK,Slovak Republic,1995,5361999
SVK,Slovak Republic,1996,5373361
SVK,Slovak Republic,1997,5383291
SVK,Slovak Republic,1998,5390516
SVK,Slovak Republic,1999,5396020
SVK,Slovak Republic,2000,5388720
SVK,Slovak Republic,2001,5378867
SVK,Slovak Republic,2002,5376912
SVK,Slovak Republic,2003,5373374
SVK,Slovak Republic,2004,5372280
SVK,Slovak Republic,2005,5372807
SVK,Slovak Republic,2006,5373054
SVK,Slovak Republic,2007,5374622
SVK,Slovak Republic,2008,5379233
SVK,Slovak Republic,2009,5386406
SVK,Slovak Republic,2010,5391428
SVK,Slovak Republic,2011,5398384
SVK,Slovak Republic,2012,5407579
SVK,Slovak Republic,2013,5413393
SVK,Slovak Republic,2014,5418649
SVK,Slovak Republic,2015,5423801
SVK,Slovak Republic,2016,5430798
SVK,Slovak Republic,2017,5439232
SVK,Slovak Republic,2018,5446771
SVK,Slovak Republic,2019,5454147
SVK,Slovak Republic,2020,5458827
SVK,Slovak Republic,2021,5447247
SVK,Slovak Republic,2022,5431752
SVK,Slovak Republic,2023,5426740
SVK,Slovak Republic,2024,5422069
SVN,Slovenia,1992,1996498
SVN,Slovenia,1993,1991746
SVN,Slovenia,1994,1989443
SVN,Slovenia,1995,1989872
SVN,Slovenia,1996,1988628
SVN,Slovenia,1997,1985956
SVN,Slovenia,1998,1981629
SVN,Slovenia,1999,1983045
SVN,Slovenia,2000,1988925
SVN,Slovenia,2001,1992060
SVN,Slovenia,2002,1994530
SVN,Slovenia,2003,1995733
SVN,Slovenia,2004,1997012
SVN,Slovenia,2005,2000474
SVN,Slovenia,2006,2006868
SVN,Slovenia,2007,2018122
SVN,Slovenia,2008,2021316
SVN,Slovenia,2009,2039669
SVN,Slovenia,2010,2048583
SVN,Slovenia,2011,2052843
SVN,Slovenia,2012,2057159
SVN,Slovenia,2013,2059953
SVN,Slovenia,2014,2061980
SVN,Slovenia,2015,2063531
SVN,Slovenia,2016,2065042
SVN,Slovenia,2017,2066388
SVN,Slovenia,2018,2073894
SVN,Slovenia,2019,2088385
SVN,Slovenia,2020,2102419
SVN,Slovenia,2021,2108079
SVN,Slovenia,2022,2112076
SVN,Slovenia,2023,2120461
SVN,Slovenia,2024,2127400
SWE,Sweden,1992,8668067
SWE,Sweden,1993,8718561
SWE,Sweden,1994,8780745
SWE,Sweden,1995,8826939
SWE,Sweden,1996,8840998
SWE,Sweden,1997,8846062
SWE,Sweden,1998,8850974
SWE,Sweden,1999,8857874
SWE,Sweden,2000,8872109
SWE,Sweden,2001,8895960
SWE,Sweden,2002,8924958
SWE,Sweden,2003,8958229
SWE,Sweden,2004,8993531
SWE,Sweden,2005,9029572
SWE,Sweden,2006,9080505
SWE,Sweden,2007,9148092
SWE,Sweden,2008,9219637
SWE,Sweden,2009,9298515
SWE,Sweden,2010,9378126
SWE,Sweden,2011,9449213
SWE,Sweden,2012,9519374
SWE,Sweden,2013,9600379
SWE,Sweden,2014,9696110
SWE,Sweden,2015,9799186
SWE,Sweden,2016,9923085
SWE,Sweden,2017,10057698
SWE,Sweden,2018,10175214
SWE,Sweden,2019,10278887
SWE,Sweden,2020,10353442
SWE,Sweden,2021,10415811
SWE,Sweden,2022,10486941
SWE,Sweden,2023,10536632
SWE,Sweden,2024,10569709
SWZ,Eswatini,1992,943416
SWZ,Eswatini,1993,971318
SWZ,Eswatini,1994,971212
SWZ,Eswatini,1995,970433
SWZ,Eswatini,1996,989841
SWZ,Eswatini,1997,1006635
SWZ,Eswatini,1998,1019653
SWZ,Eswatini,1999,1030782
SWZ,Eswatini,2000,1041414
SWZ,Eswatini,2001,1051064
SWZ,Eswatini,2002,1059441
SWZ,Eswatini,2003,1066700
SWZ,Eswatini,2004,1073159
SWZ,Eswatini,2005,1079022
SWZ,Eswatini,2006,1084436
SWZ,Eswatini,2007,1090705
SWZ,Eswatini,2008,1098091
SWZ,Eswatini,2009,1105153
SWZ,Eswatini,2010,1111650
SWZ,Eswatini,2011,1117833
SWZ,Eswatini,2012,1123863
SWZ,Eswatini,2013,1129990
SWZ,Eswatini,2014,1136299
SWZ,Eswatini,2015,1142813
SWZ,Eswatini,2016,1149507
SWZ,Eswatini,2017,1158195
SWZ,Eswatini,2018,1168929
SWZ,Eswatini,2019,1179874
SWZ,Eswatini,2020,1192729
SWZ,Eswatini,2021,1206593
SWZ,Eswatini,2022,1218917
SWZ,Eswatini,2023,1230506
SWZ,Eswatini,2024,1242822
THA,Thailand,1992,56528834
THA,Thailand,1993,57408198
THA,Thailand,1994,58260854
THA,Thailand,1995,59098232
THA,Thailand,1996,59920064
THA,Thailand,1997,60724584
THA,Thailand,1998,61522630
THA,Thailand,1999,62299043
THA,Thailand,2000,63007815
THA,Thailand,2001,63651141
THA,Thailand,2002,64266437
THA,Thailand,2003,64868166
THA,Thailand,2004,65452047
THA,Thailand,2005,66017420
THA,Thailand,2006,66567687
THA,Thailand,2007,67102394
THA,Thailand,2008,67619830
THA,Thailand,2009,68121080
THA,Thailand,2010,68579447
THA,Thailand,2011,69007208
THA,Thailand,2012,69436098
THA,Thailand,2013,69845114
THA,Thailand,2014,70216367
THA,Thailand,2015,70540795
THA,Thailand,2016,70859841
THA,Thailand,2017,71160187
THA,Thailand,2018,71376079
THA,Thailand,2019,71522271
THA,Thailand,2020,71641484
THA,Thailand,2021,71727332
THA,Thailand,2022,71735329
THA,Thailand,2023,71702435
THA,Thailand,2024,71668011
TJK,Tajikistan,1992,5649400
TJK,Tajikistan,1993,5724993
TJK,Tajikistan,1994,5825368
TJK,Tajikistan,1995,5948584
TJK,Tajikistan,1996,6066523
TJK,Tajikistan,1997,6139829
TJK,Tajikistan,1998,6176397
TJK,Tajikistan,1999,6208370
TJK,Tajikistan,2000,6284735
TJK,Tajikistan,2001,6407377
TJK,Tajikistan,2002,6531669
TJK,Tajikistan,2003,6658575
TJK,Tajikistan,2004,6790547
TJK,Tajikistan,2005,6924720
TJK,Tajikistan,2006,7057566
TJK,Tajikistan,2007,7194477
TJK,Tajikistan,2008,7338403
TJK,Tajikistan,2009,7490230
TJK,Tajikistan,2010,7652141
TJK,Tajikistan,2011,7824785
TJK,Tajikistan,2012,8014084
TJK,Tajikistan,2013,8216724
TJK,Tajikistan,2014,8425552
TJK,Tajikistan,2015,8643840
TJK,Tajikistan,2016,8865631
TJK,Tajikistan,2017,9085946
TJK,Tajikistan,2018,9307333
TJK,Tajikistan,2019,9529966
TJK,Tajikistan,2020,9749310
TJK,Tajikistan,2021,9966908
TJK,Tajikistan,2022,10182222
TJK,Tajikistan,2023,10389799
TJK,Tajikistan,2024,10590927
TLS,Timor-Leste,1992,799318
TLS,Timor-Leste,1993,821437
TLS,Timor-Leste,1994,844493
TLS,Timor-Leste,1995,868146
TLS,Timor-Leste,1996,892282
TLS,Timor-Leste,1997,917184
TLS,Timor-Leste,1998,942530
TLS,Timor-Leste,1999,834697
TLS,Timor-Leste,2000,745088
TLS,Timor-Leste,2001,812249
TLS,Timor-Leste,2002,879159
TLS,Timor-Leste,2003,916878
TLS,Timor-Leste,2004,929074
TLS,Timor-Leste,2005,948311
TLS,Timor-Leste,2006,976597
TLS,Timor-Leste,2007,1004889
TLS,Timor-Leste,2008,1032429
TLS,Timor-Leste,2009,1058782
TLS,Timor-Leste,2010,1084679
TLS,Timor-Leste,2011,1110207
TLS,Timor-Leste,2012,1134885
TLS,Timor-Leste,2013,1158695
TLS,Timor-Leste,2014,1181903
TLS,Timor-Leste,2015,1205131
TLS,Timor-Leste,2016,1228312
TLS,Timor-Leste,2017,1251703
TLS,Timor-Leste,2018,1275959
TLS,Timor-Leste,2019,1300945
TLS,Timor-Leste,2020,1326053
TLS,Timor-Leste,2021,1350139
TLS,Timor-Leste,2022,1369295
TLS,Timor-Leste,2023,1384286
TLS,Timor-Leste,2024,1400638
TON,Tonga,1992,100022
TON,Tonga,1993,100103
TON,Tonga,1994,100166
TON,Tonga,1995,100225
TON,Tonga,1996,100275
TON,Tonga,1997,100674
TON,Tonga,1998,101388
TON,Tonga,1999,102046
TON,Tonga,2000,102677
TON,Tonga,2001,103288
TON,Tonga,2002,103874
TON,Tonga,2003,104464
TON,Tonga,2004,105071
TON,Tonga,2005,105671
TON,Tonga,2006,106253
TON,Tonga,2007,106726
TON,Tonga,2008,107020
TON,Tonga,2009,107203
TON,Tonga,2010,107400
TON,Tonga,2011,107570
TON,Tonga,2012,107460
TON,Tonga,2013,107078
TON,Tonga,2014,106609
TON,Tonga,2015,106095
TON,Tonga,2016,105524
TON,Tonga,2017,105356
TON,Tonga,2018,105567
TON,Tonga,2019,105669
TON,Tonga,2020,105704
TON,Tonga,2021,105490
TON,Tonga,2022,105042
TON,Tonga,2023,104597
TON,Tonga,2024,104175
TUR,Turkiye,1992,57990118
TUR,Turkiye,1993,58999167
TUR,Turkiye,1994,60033836
TUR,Turkiye,1995,61024503
TUR,Turkiye,1996,61951134
TUR,Turkiye,1997,62852966
TUR,Turkiye,1998,63734383
TUR,Turkiye,1999,64591923
TUR,Turkiye,2000,65425961
TUR,Turkiye,2001,66245128
TUR,Turkiye,2002,67048795
TUR,Turkiye,2003,67831730
TUR,Turkiye,2004,68592617
TUR,Turkiye,2005,69329557
TUR,Turkiye,2006,70045349
TUR,Turkiye,2007,70158112
TUR,Turkiye,2008,71051678
TUR,Turkiye,2009,72039206
TUR,Turkiye,2010,73142150
TUR,Turkiye,2011,74223629
TUR,Turkiye,2012,75175827
TUR,Turkiye,2013,76147624
TUR,Turkiye,2014,77181884
TUR,Turkiye,2015,78218479
TUR,Turkiye,2016,79277962
TUR,Turkiye,2017,80312698
TUR,Turkiye,2018,81407204
TUR,Turkiye,2019,82579440
TUR,Turkiye,2020,83384680
TUR,Turkiye,2021,84147318
TUR,Turkiye,2022,84979913
TUR,Turkiye,2023,85325965
TUR,Turkiye,2024,85518661
UKR,Ukraine,1992,52323671
UKR,Ukraine,1993,52350126
UKR,Ukraine,1994,52075998
UKR,Ukraine,1995,51665539
UKR,Ukraine,1996,51226109
UKR,Ukraine,1997,50786885
UKR,Ukraine,1998,50379731
UKR,Ukraine,1999,49976446
UKR,Ukraine,2000,49556660
UKR,Ukraine,2001,49106855
UKR,Ukraine,2002,48677281
UKR,Ukraine,2003,48315136
UKR,Ukraine,2004,47979507
UKR,Ukraine,2005,47585556
UKR,Ukraine,2006,47278694
UKR,Ukraine,2007,47062798
UKR,Ukraine,2008,46819175
UKR,Ukraine,2009,46623731
UKR,Ukraine,2010,46456003
UKR,Ukraine,2011,46307853
UKR,Ukraine,2012,46210056
UKR,Ukraine,2013,46126770
UKR,Ukraine,2014,45972380
UKR,Ukraine,2015,45784896
UKR,Ukraine,2016,45616832
UKR,Ukraine,2017,45436041
UKR,Ukraine,2018,45208907
UKR,Ukraine,2019,44957458
UKR,Ukraine,2020,44680014
UKR,Ukraine,2021,44298640
UKR,Ukraine,2022,41048766
UKR,Ukraine,2023,37732836
UKR,Ukraine,2024,37860221
URY,Uruguay,1992,3139702
URY,Uruguay,1993,3156345
URY,Uruguay,1994,3172834
URY,Uruguay,1995,3189440
URY,Uruguay,1996,3206324
URY,Uruguay,1997,3223345
URY,Uruguay,1998,3239280
URY,Uruguay,1999,3254015
URY,Uruguay,2000,3266206
URY,Uruguay,2001,3274251
URY,Uruguay,2002,3278867
URY,Uruguay,2003,3281186
URY,Uruguay,2004,3283148
URY,Uruguay,2005,3285771
URY,Uruguay,2006,3289506
URY,Uruguay,2007,3295153
URY,Uruguay,2008,3302177
URY,Uruguay,2009,3310091
URY,Uruguay,2010,3318580
URY,Uruguay,2011,3326825
URY,Uruguay,2012,3335401
URY,Uruguay,2013,3345337
URY,Uruguay,2014,3356334
URY,Uruguay,2015,3368017
URY,Uruguay,2016,3379283
URY,Uruguay,2017,3388438
URY,Uruguay,2018,3394534
URY,Uruguay,2019,3397206
URY,Uruguay,2020,3398968
URY,Uruguay,2021,3396695
URY,Uruguay,2022,3390913
URY,Uruguay,2023,3388081
URY,Uruguay,2024,3386588
USA,United States,1992,256514000
USA,United States,1993,259919000
USA,United States,1994,263126000
USA,United States,1995,266278000
USA,United States,1996,269394000
USA,United States,1997,272657000
USA,United States,1998,275854000
USA,United States,1999,279040000
USA,United States,2000,282162411
USA,United States,2001,284968955
USA,United States,2002,287625193
USA,United States,2003,290107933
USA,United States,2004,292805298
USA,United States,2005,295516599
USA,United States,2006,298379912
USA,United States,2007,301231207
USA,United States,2008,304093966
USA,United States,2009,306771529
USA,United States,2010,309378227
USA,United States,2011,311839461
USA,United States,2012,314339099
USA,United States,2013,316726282
USA,United States,2014,319257560
USA,United States,2015,321815121
USA,United States,2016,324353340
USA,United States,2017,326608609
USA,United States,2018,328529577
USA,United States,2019,330226227
USA,United States,2020,331577720
USA,United States,2021,332099760
USA,United States,2022,334017321
USA,United States,2023,336806231
USA,United States,2024,340110988
UZB,Uzbekistan,1992,21485090
UZB,Uzbekistan,1993,21987955
UZB,Uzbekistan,1994,22463291
UZB,Uzbekistan,1995,22917589
UZB,Uzbekistan,1996,23351981
UZB,Uzbekistan,1997,23758960
UZB,Uzbekistan,1998,24134929
UZB,Uzbekistan,1999,24476008
UZB,Uzbekistan,2000,24787054
UZB,Uzbekistan,2001,25090283
UZB,Uzbekistan,2002,25399980
UZB,Uzbekistan,2003,25711259
UZB,Uzbekistan,2004,26029350
UZB,Uzbekistan,2005,26356975
UZB,Uzbekistan,2006,26699043
UZB,Uzbekistan,2007,27076008
UZB,Uzbekistan,2008,27494774
UZB,Uzbekistan,2009,27939328
UZB,Uzbekistan,2010,28385506
UZB,Uzbekistan,2011,28823196
UZB,Uzbekistan,2012,29261903
UZB,Uzbekistan,2013,29724065
UZB,Uzbekistan,2014,30222994
UZB,Uzbekistan,2015,30749346
UZB,Uzbekistan,2016,31284568
UZB,Uzbekistan,2017,31819178
UZB,Uzbekistan,2018,32373490
UZB,Uzbekistan,2019,32964701
UZB,Uzbekistan,2020,33586372
UZB,Uzbekistan,2021,34243696
UZB,Uzbekistan,2022,34938955
UZB,Uzbekistan,2023,35652307
UZB,Uzbekistan,2024,36361859
VEN,"Venezuela, RB",1992,20780948
VEN,"Venezuela, RB",1993,21254520
VEN,"Venezuela, RB",1994,21725188
VEN,"Venezuela, RB",1995,22193821
VEN,"Venezuela, RB",1996,22662113
VEN,"Venezuela, RB",1997,23131685
VEN,"Venezuela, RB",1998,23601337
VEN,"Venezuela, RB",1999,24066593
VEN,"Venezuela, RB",2000,24526708
VEN,"Venezuela, RB",2001,24979922
VEN,"Venezuela, RB",2002,25435671
VEN,"Venezuela, RB",2003,25892703
VEN,"Venezuela, RB",2004,26340838
VEN,"Venezuela, RB",2005,26785804
VEN,"Venezuela, RB",2006,27224686
VEN,"Venezuela, RB",2007,27649363
VEN,"Venezuela, RB",2008,28053696
VEN,"Venezuela, RB",2009,28438298
VEN,"Venezuela, RB",2010,28813101
VEN,"Venezuela, RB",2011,29185212
VEN,"Venezuela, RB",2012,29553826
VEN,"Venezuela, RB",2013,29912198
VEN,"Venezuela, RB",2014,30254079
VEN,"Venezuela, RB",2015,30573972
VEN,"Venezuela, RB",2016,30765720
VEN,"Venezuela, RB",2017,30565323
VEN,"Venezuela, RB",2018,29807592
VEN,"Venezuela, RB",2019,28938098
VEN,"Venezuela, RB",2020,28444077
VEN,"Venezuela, RB",2021,28237826
VEN,"Venezuela, RB",2022,28213017
VEN,"Venezuela, RB",2023,28300854
VEN,"Venezuela, RB",2024,28405543
VIR,Virgin Islands (U.S.),1992,105712
VIR,Virgin Islands (U.S.),1993,106578
VIR,Virgin Islands (U.S.),1994,107318
VIR,Virgin Islands (U.S.),1995,107818
VIR,Virgin Islands (U.S.),1996,108095
VIR,Virgin Islands (U.S.),1997,108357
VIR,Virgin Islands (U.S.),1998,108537
VIR,Virgin Islands (U.S.),1999,108599
VIR,Virgin Islands (U.S.),2000,108642
VIR,Virgin Islands (U.S.),2001,108549
VIR,Virgin Islands (U.S.),2002,108509
VIR,Virgin Islands (U.S.),2003,108505
VIR,Virgin Islands (U.S.),2004,108466
VIR,Virgin Islands (U.S.),2005,108453
VIR,Virgin Islands (U.S.),2006,108369
VIR,Virgin Islands (U.S.),2007,108337
VIR,Virgin Islands (U.S.),2008,108397
VIR,Virgin Islands (U.S.),2009,108404
VIR,Virgin Islands (U.S.),2010,108357
VIR,Virgin Islands (U.S.),2011,108290
VIR,Virgin Islands (U.S.),2012,108188
VIR,Virgin Islands (U.S.),2013,108041
VIR,Virgin Islands (U.S.),2014,107882
VIR,Virgin Islands (U.S.),2015,107712
VIR,Virgin Islands (U.S.),2016,107516
VIR,Virgin Islands (U.S.),2017,107281
VIR,Virgin Islands (U.S.),2018,107001
VIR,Virgin Islands (U.S.),2019,106669
VIR,Virgin Islands (U.S.),2020,106290
VIR,Virgin Islands (U.S.),2021,105870
VIR,Virgin Islands (U.S.),2022,105413
VIR,Virgin Islands (U.S.),2023,104917
VIR,Virgin Islands (U.S.),2024,104377
ZAF,South Africa,1992,42443509
ZAF,South Africa,1993,43297156
ZAF,South Africa,1994,44004139
ZAF,South Africa,1995,44541554
ZAF,South Africa,1996,45123018
ZAF,South Africa,1997,45666838
ZAF,South Africa,1998,46223880
ZAF,South Africa,1999,46730335
ZAF,South Africa,2000,47159719
ZAF,South Africa,2001,47566800
ZAF,South Africa,2002,48019415
ZAF,South Africa,2003,48500348
ZAF,South Africa,2004,48991421
ZAF,South Africa,2005,49490033
ZAF,South Africa,2006,49998277
ZAF,South Africa,2007,50528584
ZAF,South Africa,2008,51114599
ZAF,South Africa,2009,51728516
ZAF,South Africa,2010,52344051
ZAF,South Africa,2011,52995205
ZAF,South Africa,2012,53782567
ZAF,South Africa,2013,54678791
ZAF,South Africa,2014,55594838
ZAF,South Africa,2015,56723537
ZAF,South Africa,2016,57259551
ZAF,South Africa,2017,57635162
ZAF,South Africa,2018,58613001
ZAF,South Africa,2019,59587885
ZAF,South Africa,2020,60562381
ZAF,South Africa,2021,61502603
ZAF,South Africa,2022,62378410
ZAF,South Africa,2023,63212384
ZAF,South Africa,2024,64007187
